window,region,model,a,b,lower,upper,n,sizes,r0,r1,r_free,C_free,power_error_percent,c0_cft,c1_cft,c0_m1,c0_m2,c1_m2,eta0_m1,eta0_m2,eta1_m2,gain,condition
small_0.02,small,ising,I,sigma,0.0,0.02,9744,1974,2.0,4.0,2.0001485675269826,0.2058569816273316,0.007428376349127852,0.2056167583560283,,0.20572728815774144,0.2057022097390275,0.10385504474912327,0.053755249619169554,0.041558569292887704,,0.01219668032628185,5.254067088546548
small_0.02,small,ising,sigma,I,0.0,0.02,9744,1974,2.0,4.0,2.000122677844175,0.20582712382195636,0.006133892208759484,0.2056167583560283,,0.2057200406207473,0.20569907031692805,0.08684247066745807,0.05023047029084626,0.040031737470158646,,0.010198732820687617,5.254067088546548
small_0.02,small,ising,I,epsilon,0.0,0.02,9744,1974,4.0,6.0,3.9935720392549103,12.500720340975498,-0.16069901862724167,12.987878804533656,-170.91363441338743,12.830588995488622,12.88388363491898,-170.2837019058363,-1.2110507913742574,-0.8007094243778545,-0.36856773288637124,0.4103413669964029,9.109677296845641
small_0.02,small,ising,epsilon,I,0.0,0.02,9744,1974,4.0,6.0,3.986517143300191,12.092741173093062,-0.3370714174952272,12.987878804533656,-366.2435023144016,12.771783011285414,12.882921030254131,-355.1012539864259,-1.6638266840987903,-0.8081209861835692,-3.042306077122059,0.8557056979152211,9.109677296845641
small_0.02,small,ising,sigma,epsilon,0.0,0.02,9744,1974,2.0,4.0,2.0177795391026194,0.22504230528629962,0.8889769551309712,0.2056167583560283,,0.2086974815918446,0.20565663523639185,12.592788960254605,1.4982841186913287,0.019393789048316457,,1.4788903296430123,5.254067088546548
small_0.02,small,ising,epsilon,sigma,0.0,0.02,9744,1974,2.0,4.0,2.013162769281198,0.21985003724779323,0.6581384640599097,0.2056167583560283,,0.20791290935594806,0.20566494003597838,9.309317185573738,1.1167139382403546,0.023432759243613432,,1.0932811789967412,5.254067088546548
small_0.02,small,boson,00,ss,0.0,0.02,19984,4022,2.0,4.0,1.9998358628979465,0.7804816662866951,-0.008206855102677046,0.8224670334241132,,0.7810253203587556,0.7811516774545928,-0.5233340719532203,-5.038708103937795,-5.023344923323602,,0.015363180614192729,5.252433008866666
small_0.02,small,boson,ss,00,0.0,0.02,19984,4022,2.0,4.0,1.9998375170417368,0.7804881317543773,-0.008124147913157742,0.8224670334241132,,0.7810263095377602,0.7811515705824209,-0.5187945490925752,-5.038587834192699,-5.023357917421545,,0.015229916771153817,5.252433008866666
small_0.02,small,boson,00,3s_s,0.0,0.02,19984,4022,2.0,4.0,1.9987265570187922,3.9464335813020512,-0.06367214906038976,4.112335167120565,,3.967811538945866,3.972093793046731,-17.73584190816345,-3.5143932170269565,-3.4102612840293034,,0.10413193299765311,5.252433008866666
small_0.02,small,boson,3s_s,00,0.0,0.02,19984,4022,2.0,4.0,1.998763215851322,3.9471650223683183,-0.061839207433900256,4.112335167120565,,3.967929790931848,3.972090183694097,-17.231127945500454,-3.5115176735418974,-3.4103490529607594,,0.10116862058113796,5.252433008866666
small_0.02,small,boson,ss,3s_s,0.0,0.02,19984,4022,2.0,4.0,1.9995815355023054,1.6251725146981422,-0.020923224884727976,1.6449340668482264,,1.628060181288775,1.6286443217026967,-2.419338458079695,-1.025809234517383,-0.9902977556262571,,0.035511478891125936,5.252433008866666
small_0.02,small,boson,3s_s,ss,0.0,0.02,19984,4022,2.0,4.0,1.9996387331215189,1.6256434574685867,-0.018063343924057396,1.6449340668482264,,1.6281368426705665,1.6286432019432653,-2.0971917587793203,-1.0211487813517217,-0.9903658288368478,,0.03078295251487395,5.252433008866666
large_0.005,large,ising,I,sigma,0.0,0.005,8245,1749,0.25,0.5,0.2668059729766393,0.7302515783290927,6.722389190655731,0.6196527756473224,,0.6576413625396914,0.6136427482824328,0.2075207836687299,6.130624824956876,-0.9699024358619468,,5.160722389094929,16.885437044115985
large_0.005,large,ising,sigma,I,0.0,0.005,8245,1749,0.25,0.5,0.26680895377009967,0.7302678103355073,6.723581508039866,0.6196527756473224,,0.657643768369195,0.6136370813770429,0.2075588589649578,6.131013079411329,-0.9708169650325837,,5.160196114378746,16.885437044115985
large_0.005,large,ising,I,epsilon,0.0,0.005,8245,1749,2.0,4.0,1.9970492365648946,3.22531781259758,-0.14753817175526818,3.289868133696453,,3.2792194906727503,3.2860696959958093,-451.7136989095971,-0.3236799346038821,-0.11545866114626158,,0.20822127345762054,5.373468214752648
large_0.005,large,ising,epsilon,I,0.0,0.005,8245,1749,2.0,4.0,2.002782156773101,3.3548406342447517,0.1391078386550504,3.289868133696453,,3.302824714578944,3.296328376355117,428.3791258890877,0.39383283329150753,0.19636782983778467,,0.19746500345372286,5.373468214752648
large_0.005,large,ising,sigma,epsilon,0.0,0.005,8245,1749,0.25,0.5,0.24911637825513017,0.15540294807084998,-0.35344869794793343,0.1549131939118306,,0.1562613117608123,0.15684154366429895,-0.0027366811740278173,0.8702408199968925,1.2447937478881732,,-0.3745529278912807,16.885437044115985
large_0.005,large,ising,epsilon,sigma,0.0,0.005,8245,1749,0.25,0.5,0.257340311780958,0.16493341983399198,2.9361247123832035,0.1549131939118306,,0.15755763161347783,0.15293355429182798,0.02180959936426335,1.7070448519396875,-1.2779025272239397,,0.42914232471574776,16.885437044115985
large_0.005,large,boson,00,ss,0.0,0.005,18485,3797,1.0,2.0,0.9989800465330401,1.2535027983775262,-0.1019953466959933,1.2337005501361697,,1.2612514905019787,1.2627389423892466,-0.5400933690320238,2.2331951106585812,2.353763419321786,,-0.12056830866320478,5.071386073006369
large_0.005,large,boson,ss,00,0.0,0.005,18485,3797,1.0,2.0,0.9989759389378629,1.2534651133526256,-0.10240610621371493,1.2337005501361697,,1.2612448749755785,1.2627390696674112,-0.5425416795054484,2.232658876286342,2.3537737361012168,,-0.1211148598148748,5.071386073006369
large_0.005,large,boson,00,3s_s,0.0,0.005,18485,3797,5.0,6.0,4.966904870971111,61.16456265144864,-0.661902580577789,75.10853074807065,-563.3139806105298,73.1534466786059,75.85587151651302,-599.7911072484571,-2.6030120014229774,0.9950144956890394,6.475452038025531,1.607997505733938,20.048878208249306
large_0.005,large,boson,3s_s,00,0.0,0.005,18485,3797,5.0,6.0,4.966463017434094,60.98854238975231,-0.6707396513181196,75.10853074807065,-563.3139806105298,73.1174525828068,75.85478263510755,-607.5381634833689,-2.6509347812198936,0.9935647517057555,7.850716366902177,1.657370029514138,20.048878208249306
large_0.005,large,boson,ss,3s_s,0.0,0.005,18485,3797,2.0,3.0,1.9917747831769033,3.0762755880126615,-0.41126084115483685,3.289868133696453,-9.869604401089358,3.2220384228741685,3.256678147320199,-9.216656932770443,-2.0617759759893994,-1.0088546114145225,-6.615741034634038,1.052921364574877,8.19156333151086
large_0.005,large,boson,3s_s,ss,0.0,0.005,18485,3797,2.0,3.0,1.9915655274373532,3.071808307767453,-0.4217236281323422,3.289868133696453,-9.869604401089358,3.2211513085713515,3.2566640397475917,-9.44893948296429,-2.088741017345641,-1.0092834302010023,-4.262226742123898,1.0794575871446388,8.19156333151086
