model,region,a,b,y_index,y,c0_fit,c0_theory,relative_error_pct
boson,large,00,3s_s,0,0.4,94.14437786835433,93.1088882603024,1.1121275609660808
boson,large,00,3s_s,1,0.40512820512820513,93.08854029628596,92.06961886147923,1.1066858399182866
boson,large,00,3s_s,2,0.41025641025641024,92.04791251077809,91.04533170719394,1.1011885890080508
boson,large,00,3s_s,3,0.4153846153846154,91.02200364156255,90.03554263263703,1.0956351015181554
boson,large,00,3s_s,4,0.4205128205128205,90.01034261874001,89.03978702279298,1.0900246152864002
boson,large,00,3s_s,5,0.4256410256410256,89.01247709151077,88.05761874343547,1.084356313174184
boson,large,00,3s_s,6,0.4307692307692308,88.02797241609613,87.0886091406058,1.0786293233524091
boson,large,00,3s_s,7,0.4358974358974359,87.05641070756934,86.13234610332565,1.0728427194299117
boson,large,00,3s_s,8,0.441025641025641,86.09738995075796,85.18843318476438,1.0669955204154924
boson,large,00,3s_s,9,0.4461538461538462,85.15052316579694,84.25648877747626,1.0610866905240268
boson,large,00,3s_s,10,0.4512820512820513,84.21543762428527,83.33614533870082,1.0551151388281443
boson,large,00,3s_s,11,0.4564102564102564,83.29177411232759,82.42704866203725,1.0490797187654222
boson,large,00,3s_s,12,0.46153846153846156,82.37918623705484,81.52885719212972,1.0429792274915028
boson,large,00,3s_s,13,0.4666666666666667,81.47733977348861,80.64124137924823,1.0368124050921912
boson,large,00,3s_s,14,0.4717948717948718,80.58591204886463,79.7638830709171,1.0305779336453158
boson,large,00,3s_s,15,0.47692307692307695,79.70459136176115,78.89647493795617,1.0242744361398604
boson,large,00,3s_s,16,0.48205128205128206,78.83307643358258,78.03871993251258,1.0179004752473464
boson,large,00,3s_s,17,0.48717948717948717,77.9710758901349,77.19033077584248,1.0114545519433804
boson,large,00,3s_s,18,0.49230769230769234,77.11830777120413,76.35102947377226,1.004935103979765
boson,large,00,3s_s,19,0.49743589743589745,76.27449906620386,75.52054685793034,0.9983405041966265
boson,large,00,3s_s,20,0.5025641025641026,75.43938527409644,74.69862215096147,0.9916690586848187
boson,large,00,3s_s,21,0.5076923076923077,74.61270998593598,73.88500255409551,0.9849190047840573
boson,large,00,3s_s,22,0.5128205128205128,73.79422448846297,73.07944285552927,0.9780885088940261
boson,large,00,3s_s,23,0.517948717948718,72.98368738735417,72.28170505820044,0.9711756641441971
boson,large,00,3s_s,24,0.5230769230769231,72.18086424875193,71.49155802564097,0.9641784878485105
boson,large,00,3s_s,25,0.5282051282051282,71.38552725784622,70.70877714465762,0.9570949187879263
boson,large,00,3s_s,26,0.5333333333333333,70.59745489334213,69.93314400370012,0.9499228142908267
boson,large,00,3s_s,27,0.5384615384615384,69.81643161671538,69.16444608583052,0.9426599471002328
boson,large,00,3s_s,28,0.5435897435897435,69.04224757523971,68.40247647528362,0.9353040020228853
boson,large,00,3s_s,29,0.5487179487179488,68.27469831782616,67.6470335766693,0.9278525723459552
boson,large,00,3s_s,30,0.5538461538461539,67.51358452276749,66.89792084591987,0.9203031560063302
boson,large,00,3s_s,31,0.558974358974359,66.7587117365421,66.15494653214299,0.9126531515005532
boson,large,00,3s_s,32,0.5641025641025641,66.00989012286739,65.41792342957808,0.9048998535188257
boson,large,00,3s_s,33,0.5692307692307692,65.2669342212436,64.68666863890856,0.8970404482787409
boson,large,00,3s_s,34,0.5743589743589743,64.52966271426445,63.96100333720286,0.889072008554348
boson,large,00,3s_s,35,0.5794871794871795,63.7978982029995,63.24075255580689,0.8809914883618042
boson,large,00,3s_s,36,0.5846153846153846,63.07146698979484,62.525744965530286,0.8727957172927736
boson,large,00,3s_s,37,0.5897435897435898,62.35019886785333,61.81581266850091,0.8644813944583607
boson,large,00,3s_s,38,0.5948717948717949,61.63392691698899,61.11079099607687,0.8560450820309429
boson,large,00,3s_s,39,0.6,60.92248730496264,60.410518312236995,0.847483198338872
boson,large,00,ss,0,0.4,1.6005098754780236,1.5628420790319613,2.410211303588272
boson,large,00,ss,1,0.40512820512820513,1.5810558572791302,1.543884767741521,2.4076336728151793
boson,large,00,ss,2,0.41025641025641024,1.5618745135545966,1.5251932224509037,2.40502583959481
boson,large,00,ss,3,0.4153846153846154,1.5429574502495484,1.506759257912287,2.4023872524544077
boson,large,00,ss,4,0.4205128205128205,1.5242966040654249,1.4885750116268972,2.3997173242540804
boson,large,00,ss,5,0.4256410256410256,1.5058842249258935,1.470632926719036,2.3970154323623705
boson,large,00,ss,6,0.4307692307692308,1.4877128595432199,1.4529257358858463,2.3942809187121883
boson,large,00,ss,7,0.4358974358974359,1.469775336002776,1.4354464463421979,2.391513089746744
boson,large,00,ss,8,0.441025641025641,1.452064749290348,1.4181883256870456,2.3887112162547908
boson,large,00,ss,9,0.4461538461538462,1.4345744476932127,1.401144888623731,2.3858745330982645
boson,large,00,ss,10,0.4512820512820513,1.4172980200116791,1.3843098844722934,2.383002238834764
boson,large,00,ss,11,0.4564102564102564,1.4002292835229302,1.3676772854168278,2.3800934952415753
boson,large,00,ss,12,0.46153846153846156,1.3833622726437316,1.351241275435765,2.37714742673234
boson,large,00,ss,13,0.4666666666666667,1.3666912282428145,1.3349962398668374,2.3741631196757984
boson,large,00,ss,14,0.4717948717948718,1.3502105875576234,1.3189367555624472,2.371139621614371
boson,large,00,ss,15,0.47692307692307695,1.3339149746736376,1.303057581594642,2.3680759403765794
boson,large,00,ss,16,0.48205128205128206,1.3177991915277043,1.2873536504718432,2.3649710430931004
boson,large,00,ss,17,0.48717948717948717,1.3018582093997169,1.2718200598326237,2.361823855101508
boson,large,00,ss,18,0.49230769230769234,1.2860871608596849,1.2564520645841402,2.358633258750964
boson,large,00,ss,19,0.49743589743589745,1.2704813321396453,1.2412450694555441,2.355398092088712
boson,large,00,ss,20,0.5025641025641026,1.2550361559020955,1.2261946219384126,2.3521171474467195
boson,large,00,ss,21,0.5076923076923077,1.2397472043787008,1.2112964055888444,2.348789169899801
boson,large,00,ss,22,0.5128205128205128,1.2246101828548377,1.1965462336671164,2.3454128556079423
boson,large,00,ss,23,0.517948717948718,1.2096209234772801,1.1819400430927076,2.3419868500386576
boson,large,00,ss,24,0.5230769230769231,1.1947753793638873,1.1674738886942402,2.3385097460451476
boson,large,00,ss,25,0.5282051282051282,1.180069618995573,1.153143937734742,2.3349800818208477
boson,large,00,ss,26,0.5333333333333333,1.1654998208721483,1.1389464646945056,2.3313963387001646
boson,large,00,ss,27,0.5384615384615384,1.1510622684148495,1.1248778462945392,2.3277569388146846
boson,large,00,ss,28,0.5435897435897435,1.1367533450994256,1.1109345567450102,2.3240602425820045
boson,large,00,ss,29,0.5487179487179488,1.1225695298047058,1.0971131632037698,2.3203045460323146
boson,large,00,ss,30,0.5538461538461539,1.1085073923624604,1.0834103214312174,2.31648807795084
boson,large,00,ss,31,0.558974358974359,1.0945635892952297,1.0698227716283992,2.3126089968315
boson,large,00,ss,32,0.5641025641025641,1.0807348597295532,1.0563473344460352,2.3086653876309704
boson,large,00,ss,33,0.5692307692307692,1.0670180214727467,1.0429809071529659,2.3046552583014357
boson,large,00,ss,34,0.5743589743589743,1.0534099672420074,1.0297204599529242,2.300576536098564
boson,large,00,ss,35,0.5794871794871795,1.0399076610352045,1.0165630324392867,2.2964270636422146
boson,large,00,ss,36,0.5846153846153846,1.0265081346332596,1.0035057301779,2.2922045947143532
boson,large,00,ss,37,0.5897435897435898,1.0132084842244617,0.9905457214085422,2.2879067897737526
boson,large,00,ss,38,0.5948717948717949,1.0000058671415333,0.9776802338559587,2.283531211173462
boson,large,00,ss,39,0.6,0.9868974987025941,0.9649065516418712,2.279075318050583
boson,large,3s_s,00,0,0.4,94.1433312364661,93.1088882603024,1.1110034664700619
boson,large,3s_s,00,1,0.40512820512820513,93.08748910450304,92.06961886147923,1.105544104136258
boson,large,3s_s,00,2,0.41025641025641024,92.04685705931902,91.04533170719394,1.1000293297255936
boson,large,3s_s,00,3,0.4153846153846154,91.02094422221694,90.03554263263703,1.0944584335994323
boson,large,3s_s,00,4,0.4205128205128205,90.00927951523703,89.03978702279298,1.0888306507245593
boson,large,3s_s,00,5,0.4256410256410256,89.01141057987543,88.05761874343547,1.0831451611460485
boson,large,3s_s,00,6,0.4307692307692308,88.02690276497792,87.0886091406058,1.0774010902588005
boson,large,3s_s,00,7,0.4358974358974359,87.05533817856313,86.13234610332565,1.0715975089431007
boson,large,3s_s,00,8,0.441025641025641,86.0963147987017,85.18843318476438,1.0657334335146373
boson,large,3s_s,00,9,0.4461538461538462,85.1494456390598,84.25648877747626,1.0598078255336096
boson,large,3s_s,00,10,0.4512820512820513,84.21435796503873,83.33614533870082,1.0538195914493231
boson,large,3s_s,00,11,0.4564102564102564,83.29069255680353,82.42704866203725,1.047767582104453
boson,large,3s_s,00,12,0.46153846153846156,82.37810301579547,81.52885719212972,1.0416505920896713
boson,large,3s_s,00,13,0.4666666666666667,81.47625511158046,80.64124137924823,1.0354673589475505
boson,large,3s_s,00,14,0.4717948717948718,80.58482616616021,79.7638830709171,1.0292165622293181
boson,large,3s_s,00,15,0.47692307692307695,79.703504473097,78.89647493795617,1.0228968224188284
boson,large,3s_s,00,16,0.48205128205128206,78.83198874898362,78.03871993251258,1.0165066996960626
boson,large,3s_s,00,17,0.48717948717948717,77.96998761500863,77.19033077584248,1.0100446925538353
boson,large,3s_s,00,18,0.49230769230769234,77.11721910653159,76.35102947377226,1.0035092362736586
boson,large,3s_s,00,19,0.49743589743589745,76.27341020871377,75.52054685793034,0.9968987012232811
boson,large,3s_s,00,20,0.5025641025641026,75.43829641644584,74.69862215096147,0.9902113910341237
boson,large,3s_s,00,21,0.5076923076923077,74.61162131686255,73.88500255409551,0.9834455405683284
boson,large,3s_s,00,22,0.5128205128205128,73.79313619295702,73.07944285552927,0.9765993137613949
boson,large,3s_s,00,23,0.517948717948718,72.98259964680055,72.28170505820044,0.9696708012570499
boson,large,3s_s,00,24,0.5230769230769231,72.17977724108405,71.49155802564097,0.9626580178826893
boson,large,3s_s,00,25,0.5282051282051282,71.38444115768289,70.70877714465762,0.9555588999127895
boson,large,3s_s,00,26,0.5333333333333333,70.59636987212271,69.93314400370012,0.9483713021503748
boson,large,3s_s,00,27,0.5384615384615384,69.81534784282904,69.16444608583052,0.9410929947892166
boson,large,3s_s,00,28,0.5435897435897435,69.04116521415618,68.40247647528362,0.9337216600678877
boson,large,3s_s,00,29,0.5487179487179488,68.27361753221267,67.6470335766693,0.9262548886688649
boson,large,3s_s,00,30,0.5538461538461539,67.51250547260986,66.89792084591987,0.9186901758957644
boson,large,3s_s,00,31,0.558974358974359,66.75763457925552,66.15494653214299,0.911024917569403
boson,large,3s_s,00,32,0.5641025641025641,66.00881501340658,65.41792342957808,0.9032564056616454
boson,large,3s_s,00,33,0.5692307692307692,65.26586131221201,64.68666863890856,0.895381823628294
boson,large,3s_s,00,34,0.5743589743589743,64.52859215601534,63.96100333720286,0.887398241425541
boson,large,3s_s,00,35,0.5794871794871795,63.79683014373696,63.24075255580689,0.8793026101948431
boson,large,3s_s,00,36,0.5846153846153846,63.07040157567169,62.525744965530286,0.8710917565902809
boson,large,3s_s,00,37,0.5897435897435898,62.34913624306732,61.81581266850091,0.8627623767181625
boson,large,3s_s,00,38,0.5948717948717949,61.6328672238714,61.11079099607687,0.8543110296642009
boson,large,3s_s,00,39,0.6,60.921430684073904,60.410518312236995,0.8457341305966093
boson,large,3s_s,ss,0,0.4,4.085403113318345,4.124858443829334,-0.9565256856271631
boson,large,3s_s,ss,1,0.40512820512820513,4.037612168153902,4.076704567729554,-0.9589215732015766
boson,large,3s_s,ss,2,0.41025641025641024,3.990500825635213,4.029235855295656,-0.9613492744420471
boson,large,3s_s,ss,3,0.4153846153846154,3.9440476276913836,3.982430651110986,-0.9638089594578236
boson,large,3s_s,ss,4,0.4205128205128205,3.898231972617904,3.936268164422664,-0.9663008264666595
boson,large,3s_s,ss,5,0.4256410256410256,3.853034068933021,3.8907284225218226,-0.9688251015055327
boson,large,3s_s,ss,6,0.4307692307692308,3.808434892161304,3.845792227082447,-0.9713820382200811
boson,large,3s_s,ss,7,0.4358974358974359,3.764416144322766,3.8014411132347803,-0.9739719177317085
boson,large,3s_s,ss,8,0.441025641025641,3.720960215924945,3.7576573111684026,-0.9765950485795427
boson,large,3s_s,ss,9,0.4461538461538462,3.678050150272453,3.714423710077384,-0.9792517667343126
boson,large,3s_s,ss,10,0.4512820512820513,3.6356696099239243,3.671723824275612,-0.9819424356841577
boson,large,3s_s,ss,11,0.4564102564102564,3.5938028451403934,3.629541761324542,-0.9846674465899152
boson,large,3s_s,ss,12,0.46153846153846156,3.552434664181747,3.587862192028463,-0.9874272185099287
boson,large,3s_s,ss,13,0.4666666666666667,3.5115504053194804,3.5466703221640214,-0.9902221986934578
boson,large,3s_s,ss,14,0.4717948717948718,3.4711359104444086,3.5059518658213538,-0.9930528629430779
boson,large,3s_s,ss,15,0.47692307692307695,3.431177500157521,3.4656930202437546,-0.9959197160458788
boson,large,3s_s,ss,16,0.48205128205128206,3.39166195024081,3.425880442061602,-0.9988232922746088
boson,large,3s_s,ss,17,0.48717948717948717,3.352576469412752,3.3865012248241744,-1.001764155959639
boson,large,3s_s,ss,18,0.49230769230769234,3.313908678280379,3.347542877740312,-1.0047429021323495
boson,large,3s_s,ss,19,0.49743589743589745,3.2756465894063203,3.308993305545458,-1.0077601572433759
boson,large,3s_s,ss,20,0.5025641025641026,3.2377785884152694,3.27084078941864,-1.0108165799548763
boson,large,3s_s,ss,21,0.5076923076923077,3.2002934160697043,3.2330739688785464,-1.0139128620126336
boson,large,3s_s,ss,22,0.5128205128205128,3.163180151249717,3.1956818245927785,-1.0170497291983494
boson,large,3s_s,ss,23,0.517948717948718,3.126428194776372,3.1586536620390464,-1.0202279423655258
boson,large,3s_s,ss,24,0.5230769230769231,3.0900272540221367,3.121979095961273,-1.0234482985639115
boson,large,3s_s,ss,25,0.5282051282051282,3.0539673282557565,3.085648035567377,-1.026711632255073
boson,large,3s_s,ss,26,0.5333333333333333,3.018238694672448,3.04965067041907,-1.0300188166241675
boson,large,3s_s,ss,27,0.5384615384615384,2.98283189506342,3.013977456967198,-1.0333707649929913
boson,large,3s_s,ss,28,0.5435897435897435,2.9477377230816733,2.9786191056890945,-1.0367684323396187
boson,large,3s_s,ss,29,0.5487179487179488,2.9129472120637048,2.9435665687871104,-1.0402128169305302
boson,large,3s_s,ss,30,0.5538461538461539,2.878451623369086,2.908811028409913,-1.0437049620725225
boson,large,3s_s,ss,31,0.558974358974359,2.844242435202203,2.8743438853604015,-1.0472459579910054
boson,large,3s_s,ss,32,0.5641025641025641,2.81031133188238,2.8401567482560988,-1.0508369438427811
boson,large,3s_s,ss,33,0.5692307692307692,2.776650193530427,2.8062414231097343,-1.0544791098734518
boson,large,3s_s,ss,34,0.5743589743589743,2.7432510861413935,2.7725899032993855,-1.0581736997266944
boson,large,3s_s,ss,35,0.5794871794871795,2.710106252014676,2.739194359899068,-1.0619220129185591
boson,large,3s_s,ss,36,0.5846153846153846,2.6772081005140627,2.706047132342,-1.0657254074868172
boson,large,3s_s,ss,37,0.5897435897435898,2.6445491991314474,2.6731407193899566,-1.0695853028281355
boson,large,3s_s,ss,38,0.5948717948717949,2.6121222648289915,2.6404677703832347,-1.0735031827383001
boson,large,3s_s,ss,39,0.6,2.5799201556354716,2.608021076746622,-1.077480598669267
boson,large,ss,00,0,0.4,1.600509983570498,1.5628420790319613,2.4102182199924105
boson,large,ss,00,1,0.40512820512820513,1.5810559674516969,1.543884767741521,2.4076408088766765
boson,large,ss,00,2,0.41025641025641024,1.56187462566836,1.5251932224509037,2.4050331903856303
boson,large,ss,00,3,0.4153846153846154,1.5429575641698143,1.506759257912287,2.402394813069364
boson,large,ss,00,4,0.4205128205128205,1.5242967196614998,1.4885750116268972,2.399725089806637
boson,large,ss,00,5,0.4256410256410256,1.505884342070898,1.470632926719036,2.397023397980602
boson,large,ss,00,6,0.4307692307692308,1.487712978113911,1.4529257358858463,2.3942890795347394
boson,large,ss,00,7,0.4358974358974359,1.4697754558793772,1.4354464463421979,2.391521440918698
boson,large,ss,00,8,0.441025641025641,1.452064870356387,1.4181883256870456,2.388719752923496
boson,large,ss,00,9,0.4461538461538462,1.43457456983537,1.401144888623731,2.3858832504092486
boson,large,ss,00,10,0.4512820512820513,1.4172981431196396,1.3843098844722934,2.383011131927404
boson,large,ss,00,11,0.4564102564102564,1.4002294074892423,1.3676772854168278,2.3801025592447234
boson,large,ss,00,12,0.46153846153846156,1.3833623973636762,1.351241275435765,2.377156656760082
boson,large,ss,00,13,0.4666666666666667,1.3666913536142786,1.3349962398668374,2.3741725108231693
boson,large,ss,00,14,0.4717948717948718,1.3502107134809744,1.3189367555624472,2.3711491689524467
boson,large,ss,00,15,0.47692307692307695,1.3339151010516128,1.303057581594642,2.3680856389483917
boson,large,ss,00,16,0.48205128205128206,1.3177993182652932,1.2873536504718432,2.3649808879083745
boson,large,ss,00,17,0.48717948717948717,1.3018583364040595,1.2718200598326237,2.361833841132288
boson,large,ss,00,18,0.49230769230769234,1.28608728803997,1.2564520645841402,2.3586433809266394
boson,large,ss,00,19,0.49743589743589745,1.2704814594070097,1.2412450694555441,2.3554083452907326
boson,large,ss,00,20,0.5025641025641026,1.255036283169534,1.2261946219384126,2.352127526503711
boson,large,ss,00,21,0.5076923076923077,1.239747331560973,1.2112964055888444,2.3487996695819247
boson,large,ss,00,22,0.5128205128205128,1.2246103098683851,1.1965462336671164,2.3454234706217214
boson,large,ss,00,23,0.517948717948718,1.209621050240144,1.1819400430927076,2.3419975750212707
boson,large,ss,00,24,0.5230769230769231,1.194775505795623,1.1674738886942402,2.3385205755580785
boson,large,ss,00,25,0.5282051282051282,1.180069745017181,1.153143937734742,2.3349910103445115
boson,large,ss,00,26,0.5333333333333333,1.1654999464059965,1.1389464646945056,2.3314073606272023
boson,large,ss,00,27,0.5384615384615384,1.151062393384604,1.1248778462945392,2.3277680484435903
boson,large,ss,00,28,0.5435897435897435,1.1367534694299832,1.1109345567450102,2.3240714341105084
boson,large,ss,00,29,0.5487179487179488,1.122569653422125,1.0971131632037698,2.3203158135499447
boson,large,ss,00,30,0.5538461538461539,1.1085075151939028,1.0834103214312174,2.3164994154321272
boson,large,ss,00,31,0.558974358974359,1.094563711268893,1.0698227716283992,2.3126203981277405
boson,large,ss,00,32,0.5641025641025641,1.0807349807746174,1.0563473344460352,2.308676846462765
boson,large,ss,00,33,0.5692307692307692,1.067018141519316,1.0429809071529659,2.3046667682503186
boson,large,ss,00,34,0.5743589743589743,1.0534100862210518,1.0297204599529242,2.300588090597966
boson,large,ss,00,35,0.5794871794871795,1.0399077788785103,1.0165630324392867,2.2964386559687133
boson,large,ss,00,36,0.5846153846153846,1.0265082512733745,1.0035057301779,2.292216217977816
boson,large,ss,00,37,0.5897435897435898,1.0132085995946485,0.9905457214085422,2.2879184369076766
boson,large,ss,00,38,0.5948717948717949,1.0000059811757163,0.9776802338559587,2.2835428749239606
boson,large,ss,00,39,0.6,0.9868976113353183,0.9649065516418712,2.2790869909658396
boson,large,ss,3s_s,0,0.4,4.085416708971416,4.124858443829334,-0.9561960827267013
boson,large,ss,3s_s,1,0.40512820512820513,4.037625819411354,4.076704567729554,-0.9585867130902814
boson,large,ss,3s_s,2,0.41025641025641024,3.990514528760671,4.029235855295656,-0.9610091820287381
boson,large,ss,3s_s,3,0.4153846153846154,3.9440613790658015,3.982430651110986,-0.9634636584187728
boson,large,ss,3s_s,4,0.4205128205128205,3.8982457687336423,3.936268164422664,-0.9659503392751789
boson,large,ss,3s_s,5,0.4256410256410256,3.853047906388272,3.8907284225218226,-0.9684694494592194
boson,large,ss,3s_s,6,0.4307692307692308,3.8084487676548058,3.845792227082447,-0.9710212414665742
boson,large,ss,3s_s,7,0.4358974358974359,3.764430054648817,3.8014411132347803,-0.9736059952923815
boson,large,ss,3s_s,8,0.441025641025641,3.72097415796869,3.7576573111684026,-0.9762240183713411
boson,large,ss,3s_s,9,0.4461538461538462,3.6780641210054035,3.714423710077384,-0.978875645590338
boson,large,ss,3s_s,10,0.4512820512820513,3.6356836063997267,3.671723824275612,-0.9815612393722306
boson,large,ss,3s_s,11,0.4564102564102564,3.593816864490803,3.629541761324542,-0.9842811898299275
boson,large,ss,3s_s,12,0.46153846153846156,3.5524487036128134,3.587862192028463,-0.9870359149894647
boson,large,ss,3s_s,13,0.4666666666666667,3.5115644621079154,3.5466703221640214,-0.989825861082172
boson,large,ss,3s_s,14,0.4717948717948718,3.471149981934131,3.5059518658213538,-0.992651502905606
boson,large,ss,3s_s,15,0.47692307692307695,3.4311915837563607,3.4656930202437546,-0.9955133442536512
boson,large,ss,3s_s,16,0.48205128205128206,3.391676043417373,3.425880442061602,-0.9984119184160867
boson,large,ss,3s_s,17,0.48717948717948717,3.3525905696934277,3.3865012248241744,-1.0013477887493516
boson,large,ss,3s_s,18,0.49230769230769234,3.3139227832464817,3.347542877740312,-1.0043215493187208
boson,large,ss,3s_s,19,0.49743589743589745,3.2756606966913324,3.308993305545458,-1.0073338256159081
boson,large,ss,3s_s,20,0.5025641025641026,3.2377926957022414,3.27084078941864,-1.0103852753491127
boson,large,ss,3s_s,21,0.5076923076923077,3.2003075210887277,3.2330739688785464,-1.01347658931491
boson,large,ss,3s_s,22,0.5128205128205128,3.1631942517755274,3.1956818245927785,-1.016608492348603
boson,large,ss,3s_s,23,0.517948717948718,3.1264422886260177,3.1586536620390464,-1.0197817443598711
boson,large,ss,3s_s,24,0.5230769230769231,3.090041339052747,3.121979095961273,-1.0229971414556283
boson,large,ss,3s_s,25,0.5282051282051282,3.0539814023624077,3.085648035567377,-1.026255517154162
boson,large,ss,3s_s,26,0.5333333333333333,3.0182527557860745,3.04965067041907,-1.0295577436966186
boson,large,ss,3s_s,27,0.5384615384615384,2.9828459411488195,3.013977456967198,-1.0329047334582397
boson,large,ss,3s_s,28,0.5435897435897435,2.947751752135573,2.9786191056890945,-1.0362974404671377
boson,large,ss,3s_s,29,0.5487179487179488,2.912961222112874,2.9435665687871104,-1.0397368620356118
boson,large,ss,3s_s,30,0.5538461538461539,2.8784656124685224,2.908811028409913,-1.0432240405104265
boson,large,ss,3s_s,31,0.558974358974359,2.844256401433358,2.8743438853604015,-1.046760065150354
boson,large,ss,3s_s,32,0.5641025641025641,2.810325273351435,2.8401567482560988,-1.0503460741376647
boson,large,ss,3s_s,33,0.5692307692307692,2.776664108366611,2.8062414231097343,-1.0539832567344587
boson,large,ss,3s_s,34,0.5743589743589743,2.7432649724953397,2.7725899032993855,-1.0576728555906856
boson,large,ss,3s_s,35,0.5794871794871795,2.7101201080568083,2.739194359899068,-1.0614161692173885
boson,large,ss,3s_s,36,0.5846153846153846,2.6772219244330273,2.706047132342,-1.0652145546343528
boson,large,ss,3s_s,37,0.5897435897435898,2.644562989132548,2.6731407193899566,-1.0690694302068149
boson,large,ss,3s_s,38,0.5948717948717949,2.6121360191326697,2.6404677703832347,-1.0729822786836318
boson,large,ss,3s_s,39,0.6,2.579933872475793,2.608021076746622,-1.0769546504534544
boson,small,00,3s_s,0,0.4,5.719805908408286,5.921762640653614,-3.410415859272542
boson,small,00,3s_s,1,0.40512820512820513,5.6224495275611055,5.820968521633065,-3.410411743925146
boson,small,00,3s_s,2,0.41025641025641024,5.525928842035235,5.721039588183509,-3.410407202062804
boson,small,00,3s_s,3,0.4153846153846154,5.430243850643039,5.621975840304942,-3.410402234163701
boson,small,00,3s_s,4,0.4205128205128205,5.33539455219415,5.523777277997369,-3.410396841190466
boson,small,00,3s_s,5,0.4256410256410256,5.241380945497786,5.426443901260788,-3.410391024589854
boson,small,00,3s_s,6,0.4307692307692308,5.148203029364948,5.329975710095199,-3.410384786293963
boson,small,00,3s_s,7,0.4358974358974359,5.055860802610631,5.234372704500601,-3.4103781287198487
boson,small,00,3s_s,8,0.441025641025641,4.964354264056029,5.139634884476995,-3.41037105476808
boson,small,00,3s_s,9,0.4461538461538462,4.8736834125304975,5.0457622500243815,-3.4103635678247146
boson,small,00,3s_s,10,0.4512820512820513,4.783848246873649,4.95275480114276,-3.4103556717594463
boson,small,00,3s_s,11,0.4564102564102564,4.6948487659371585,4.86061253783213,-3.410347370928335
boson,small,00,3s_s,12,0.46153846153846156,4.606684968586779,4.769335460092489,-3.4103386701709537
boson,small,00,3s_s,13,0.4666666666666667,4.5193568537040685,4.678923567923843,-3.4103295748124096
boson,small,00,3s_s,14,0.4717948717948718,4.432864420188109,4.589376861326189,-3.410320090663743
boson,small,00,3s_s,15,0.47692307692307695,4.347207666957282,4.500695340299523,-3.4103102240203187
boson,small,00,3s_s,16,0.48205128205128206,4.262386592950754,4.412879004843853,-3.4102999816652324
boson,small,00,3s_s,17,0.48717948717948717,4.178401197130126,4.325927854959174,-3.4102893708670146
boson,small,00,3s_s,18,0.49230769230769234,4.095251478480878,4.2398418906454864,-3.410278399381428
boson,small,00,3s_s,19,0.49743589743589745,4.012937436013815,4.154621111902791,-3.4102670754514453
boson,small,00,3s_s,20,0.5025641025641026,3.9314590687663977,4.070265518731087,-3.410255407808449
boson,small,00,3s_s,21,0.5076923076923077,3.8508163758040985,3.9867751111303757,-3.4102434056715203
boson,small,00,3s_s,22,0.5128205128205128,3.7710093562215734,3.904149889100656,-3.4102310787497037
boson,small,00,3s_s,23,0.517948717948718,3.692038009143873,3.822389852641926,-3.410218437241763
boson,small,00,3s_s,24,0.5230769230769231,3.6139023337275678,3.7414950017541897,-3.4102054918368374
boson,small,00,3s_s,25,0.5282051282051282,3.536602329161766,3.661465336437445,-3.4101922537158047
boson,small,00,3s_s,26,0.5333333333333333,3.460137994669136,3.5823008566916927,-3.4101787345515167
boson,small,00,3s_s,27,0.5384615384615384,3.3845093295068143,3.504001562516932,-3.4101649465100747
boson,small,00,3s_s,28,0.5435897435897435,3.3097163329672883,3.426567453913163,-3.410150902251463
boson,small,00,3s_s,29,0.5487179487179488,3.2357590043791906,3.349998530880384,-3.4101366149307255
boson,small,00,3s_s,30,0.5538461538461539,3.1626373431080315,3.274294793418599,-3.4101220981996305
boson,small,00,3s_s,31,0.558974358974359,3.0903513485569185,3.1994562415278054,-3.410107366206294
boson,small,00,3s_s,32,0.5641025641025641,3.018901020167143,3.1254828752080037,-3.4100924335977223
boson,small,00,3s_s,33,0.5692307692307692,2.948286357418777,3.0523746944591936,-3.4100773155196884
boson,small,00,3s_s,34,0.5743589743589743,2.8785073598311226,2.9801316992813756,-3.4100620276197313
boson,small,00,3s_s,35,0.5794871794871795,2.8095640269632036,2.908753889674548,-3.4100465860466
boson,small,00,3s_s,36,0.5846153846153846,2.741456358414107,2.838241265638714,-3.410031007453007
boson,small,00,3s_s,37,0.5897435897435898,2.674184353823334,2.7685938271738713,-3.4100153089956398
boson,small,00,3s_s,38,0.5948717948717949,2.6077480128710264,2.699811574280021,-3.4099995083377466
boson,small,00,3s_s,39,0.6,2.5421473352781656,2.6318945069571624,-3.4099836236505143
boson,small,00,ss,0,0.4,1.1248583319987961,1.184352528130723,-5.0233519766135215
boson,small,00,ss,1,0.40512820512820513,1.1057121595280628,1.1641937043266133,-5.023351748184989
boson,small,00,ss,2,0.41025641025641024,1.0867303319889052,1.144207917636702,-5.023351504725948
boson,small,00,ss,3,0.4153846153846154,1.0679128493733363,1.1243951680609885,-5.023351246257624
boson,small,00,ss,4,0.4205128205128205,1.0492597116733442,1.104755455599474,-5.023350972819252
boson,small,00,ss,5,0.4256410256410256,1.0307709188808367,1.0852887802521578,-5.023350684474437
boson,small,00,ss,6,0.4307692307692308,1.0124464709877163,1.0659951420190399,-5.023350381306624
boson,small,00,ss,7,0.4358974358974359,0.9942863679859039,1.0468745409001203,-5.023350063418319
boson,small,00,ss,8,0.441025641025641,0.9762906098673002,1.0279269768953991,-5.023349730936522
boson,small,00,ss,9,0.4461538461538462,0.9584591966238848,1.0091524500048765,-5.023349384005038
boson,small,00,ss,10,0.4512820512820513,0.9407921282476572,0.990550960228552,-5.023349022791701
boson,small,00,ss,11,0.4564102564102564,0.9232894047307061,0.972122507566426,-5.023348647483417
boson,small,00,ss,12,0.46153846153846156,0.9059510260651826,0.9538670920184981,-5.023348258290284
boson,small,00,ss,13,0.4666666666666667,0.888776992243373,0.9357847135847688,-5.023347855439986
boson,small,00,ss,14,0.4717948717948718,0.8717673032576524,0.9178753722652379,-5.0233474391838895
boson,small,00,ss,15,0.47692307692307695,0.8549219591005363,0.9001390680599048,-5.02334700979331
boson,small,00,ss,16,0.48205128205128206,0.8382409597646855,0.8825758009687708,-5.023346567560605
boson,small,00,ss,17,0.48717948717948717,0.8217243052429207,0.8651855709918348,-5.023346112798754
boson,small,00,ss,18,0.49230769230769234,0.8053719955282352,0.8479683781290974,-5.023345645841659
boson,small,00,ss,19,0.49743589743589745,0.7891840306137996,0.8309242223805584,-5.023345167044857
boson,small,00,ss,20,0.5025641025641026,0.7731604104929847,0.8140531037462176,-5.0233446767842915
boson,small,00,ss,21,0.5076923076923077,0.757301135159369,0.7973550222260752,-5.023344175456845
boson,small,00,ss,22,0.5128205128205128,0.7416062046067479,0.7808299778201313,-5.023343663480462
boson,small,00,ss,23,0.517948717948718,0.7260756188291452,0.7644779705283854,-5.023343141293868
boson,small,00,ss,24,0.5230769230769231,0.7107093778208243,0.7482990003508381,-5.023342609356685
boson,small,00,ss,25,0.5282051282051282,0.69550748157629,0.7322930672874891,-5.023342068150082
boson,small,00,ss,26,0.5333333333333333,0.6804699300903023,0.7164601713383386,-5.023341518176361
boson,small,00,ss,27,0.5384615384615384,0.6655967233578872,0.7008003125033865,-5.023340959958422
boson,small,00,ss,28,0.5435897435897435,0.6508878613743506,0.6853134907826327,-5.023340394038911
boson,small,00,ss,29,0.5487179487179488,0.6363433441352659,0.669999706176077,-5.023339820982853
boson,small,00,ss,30,0.5538461538461539,0.6219631716364873,0.6548589586837199,-5.023339241377078
boson,small,00,ss,31,0.558974358974359,0.6077473438741681,0.6398912483055612,-5.023338655827936
boson,small,00,ss,32,0.5641025641025641,0.5936958608447588,0.6250965750416009,-5.023338064962579
boson,small,00,ss,33,0.5692307692307692,0.5798087225449982,0.6104749388918388,-5.023337469431144
boson,small,00,ss,34,0.5743589743589743,0.5660859289719399,0.5960263398562753,-5.023336869903295
boson,small,00,ss,35,0.5794871794871795,0.5525274801229388,0.5817507779349097,-5.02333626707081
boson,small,00,ss,36,0.5846153846153846,0.5391333759956786,0.5676482531277429,-5.023335661643868
boson,small,00,ss,37,0.5897435897435898,0.5259036165881361,0.5537187654347744,-5.023335054357081
boson,small,00,ss,38,0.5948717948717949,0.5128382018986073,0.5399623148560042,-5.023334445965977
boson,small,00,ss,39,0.6,0.4999371319257219,0.5263789013914325,-5.023333837244293
boson,small,3s_s,00,0,0.4,5.719802659393198,5.921762640653614,-3.410470724948278
boson,small,3s_s,00,1,0.40512820512820513,5.622446239743433,5.820968521633065,-3.41046822623835
boson,small,3s_s,00,2,0.41025641025641024,5.525925517947169,5.721039588183509,-3.4104653049305544
boson,small,3s_s,00,3,0.4153846153846154,5.430240492750593,5.621975840304942,-3.410461962140865
boson,small,3s_s,00,4,0.4205128205128205,5.335391162899418,5.523777277997369,-3.410458199470523
boson,small,3s_s,00,5,0.4256410256410256,5.2413775271411795,5.426443901260788,-3.410454019005149
boson,small,3s_s,00,6,0.4307692307692308,5.148199584227446,5.329975710095199,-3.4104494233146543
boson,small,3s_s,00,7,0.4358974358974359,5.055857332915883,5.234372704500601,-3.410444415454561
boson,small,3s_s,00,8,0.441025641025641,4.964350771972394,5.139634884476995,-3.41043899896476
boson,small,3s_s,00,9,0.4461538461538462,4.873679900173123,5.0457622500243815,-3.410433177869754
boson,small,3s_s,00,10,0.4512820512820513,4.783844716306356,4.95275480114276,-3.4104269566793577
boson,small,3s_s,00,11,0.4564102564102564,4.694845219174431,4.86061253783213,-3.4104203403884537
boson,small,3s_s,00,12,0.46153846153846156,4.606681407595538,4.769335460092489,-3.410413334477358
boson,small,3s_s,00,13,0.4666666666666667,4.519353280405499,4.678923567923843,-3.4104059449115764
boson,small,3s_s,00,14,0.4717948717948718,4.432860836459398,4.589376861326189,-3.410398178143126
boson,small,3s_s,00,15,0.47692307692307695,4.347204074633236,4.500695340299523,-3.410390041110223
boson,small,3s_s,00,16,0.48205128205128206,4.262382993825467,4.412879004843853,-3.4103815412385385
boson,small,3s_s,00,17,0.48717948717948717,4.178397592958582,4.325927854959174,-3.410372686439167
boson,small,3s_s,00,18,0.49230769230769234,4.095247870980409,4.2398418906454864,-3.4103634851124998
boson,small,3s_s,00,19,0.49743589743589745,4.012933826865561,4.154621111902791,-3.4103539461469157
boson,small,3s_s,00,20,0.5025641025641026,3.931455459616767,4.070265518731087,-3.4103440789188255
boson,small,3s_s,00,21,0.5076923076923077,3.850812768265994,3.9867751111303757,-3.4103338932963356
boson,small,3s_s,00,22,0.5128205128205128,3.771005751875805,3.904149889100656,-3.4103233996357063
boson,small,3s_s,00,23,0.517948717948718,3.6920344095403776,3.822389852641926,-3.4103126087845492
boson,small,3s_s,00,24,0.5230769230769231,3.6138987403865226,3.7414950017541897,-3.410301532083937
boson,small,3s_s,00,25,0.5282051282051282,3.536598743574805,3.661465336437445,-3.4102901813658493
boson,small,3s_s,00,26,0.5333333333333333,3.460134418300376,3.5823008566916927,-3.410278568956915
boson,small,3s_s,00,27,0.5384615384615384,3.3845057637939107,3.504001562516932,-3.4102667076777005
boson,small,3s_s,00,28,0.5435897435897435,3.309712779322377,3.426567453913163,-3.4102546108449427
boson,small,3s_s,00,29,0.5487179487179488,3.235755464189831,3.349998530880384,-3.4102422922713815
boson,small,3s_s,00,30,0.5538461538461539,3.1626338177380506,3.274294793418599,-3.4102297662687353
boson,small,3s_s,00,31,0.558974358974359,3.0903478393472628,3.1994562415278054,-3.410217047645603
boson,small,3s_s,00,32,0.5641025641025641,3.0188975284365935,3.1254828752080037,-3.4102041517126147
boson,small,3s_s,00,33,0.5692307692307692,2.94828288446468,3.0523746944591936,-3.4101910942803237
boson,small,3s_s,00,34,0.5743589743589743,2.8785039069300424,2.9801316992813756,-3.4101778916629577
boson,small,3s_s,00,35,0.5794871794871795,2.8095605953715226,2.908753889674548,-3.4101645606780417
boson,small,3s_s,00,36,0.5846153846153846,2.7414529493685786,2.838241265638714,-3.410151118648974
boson,small,3s_s,00,37,0.5897435897435898,2.6741809685415565,2.7685938271738713,-3.4101375834060033
boson,small,3s_s,00,38,0.5948717948717949,2.6077446525519195,2.699811574280021,-3.410123973287049
boson,small,3s_s,00,39,0.6,2.5421440011023315,2.6318945069571624,-3.4101103071412675
boson,small,3s_s,ss,0,0.4,2.3452459955703584,2.368705056261446,-0.9903749151493502
boson,small,3s_s,ss,1,0.40512820512820513,2.3053276408528043,2.3283874086532266,-0.9903750430329095
boson,small,3s_s,ss,2,0.41025641025641024,2.2657519345835837,2.288415835273404,-0.9903751031819064
boson,small,3s_s,ss,3,0.4153846153846154,2.2265188766746653,2.248790336121977,-0.9903750958712654
boson,small,3s_s,ss,4,0.4205128205128205,2.1876284670381074,2.209510911198948,-0.9903750214551588
boson,small,3s_s,ss,5,0.4256410256410256,2.1490807055861514,2.1705775605043156,-0.9903748803691492
boson,small,3s_s,ss,6,0.4307692307692308,2.11087559223141,2.1319902840380798,-0.9903746731283136
boson,small,3s_s,ss,7,0.4358974358974359,2.073013126886975,2.0937490818002407,-0.9903744003286419
boson,small,3s_s,ss,8,0.441025641025641,2.035493309466568,2.0558539537907983,-0.9903740626461821
boson,small,3s_s,ss,9,0.4461538461538462,1.9983161398846556,2.018304900009753,-0.9903736608379066
boson,small,3s_s,ss,10,0.4512820512820513,1.9614816180566006,1.981101920457104,-0.9903731957403017
boson,small,3s_s,ss,11,0.4564102564102564,1.924989743898758,1.944245015132852,-0.9903726682708447
boson,small,3s_s,ss,12,0.46153846153846156,1.8888405173286034,1.9077341840369961,-0.9903720794273041
boson,small,3s_s,ss,13,0.4666666666666667,1.8530339382648486,1.8715694271695376,-0.9903714302878397
boson,small,3s_s,ss,14,0.4717948717948718,1.817570006627544,1.8357507445304757,-0.990370722011158
boson,small,3s_s,ss,15,0.47692307692307695,1.782448722338184,1.8002781361198097,-0.9903699558366008
boson,small,3s_s,ss,16,0.48205128205128206,1.747670085319829,1.7651516019375415,-0.9903691330831688
boson,small,3s_s,ss,17,0.48717948717948717,1.7132340954971501,1.7303711419836696,-0.9903682551521187
boson,small,3s_s,ss,18,0.49230769230769234,1.6791407527965825,1.6959367562581948,-0.9903673235238997
boson,small,3s_s,ss,19,0.49743589743589745,1.6453900571463829,1.6618484447611168,-0.9903663397596851
boson,small,3s_s,ss,20,0.5025641025641026,1.6119820084767058,1.6281062074924353,-0.9903653055019945
boson,small,3s_s,ss,21,0.5076923076923077,1.5789166067196994,1.5947100444521505,-0.9903642224738607
boson,small,3s_s,ss,22,0.5128205128205128,1.5461938518095848,1.5616599556402626,-0.99036309247853
boson,small,3s_s,ss,23,0.517948717948718,1.5138137436827055,1.5289559410567708,-0.9903619174009282
boson,small,3s_s,ss,24,0.5230769230769231,1.4817762822776135,1.4965980007016761,-0.9903606992067049
boson,small,3s_s,ss,25,0.5282051282051282,1.450081467535143,1.4645861345749782,-0.9903594399413351
boson,small,3s_s,ss,26,0.5333333333333333,1.4187292993984262,1.4329203426766772,-0.9903581417332941
boson,small,3s_s,ss,27,0.5384615384615384,1.387719777813003,1.401600625006773,-0.9903568067902935
boson,small,3s_s,ss,28,0.5435897435897435,1.3570529027268283,1.3706269815652654,-0.9903554374024792
boson,small,3s_s,ss,29,0.5487179487179488,1.3267286740903523,1.339999412352154,-0.9903540359399776
boson,small,3s_s,ss,30,0.5538461538461539,1.2967470918565258,1.3097179173674398,-0.9903526048559819
boson,small,3s_s,ss,31,0.558974358974359,1.2671081559808846,1.2797824966111224,-0.9903511466830994
boson,small,3s_s,ss,32,0.5641025641025641,1.2378118664215387,1.2501931500832018,-0.990349664037038
boson,small,3s_s,ss,33,0.5692307692307692,1.2088582231392369,1.2209498777836776,-0.9903481596140518
boson,small,3s_s,ss,34,0.5743589743589743,1.1802472260973802,1.1920526797125506,-0.990346636192041
boson,small,3s_s,ss,35,0.5794871794871795,1.1519788752620348,1.1635015558698194,-0.9903450966312066
boson,small,3s_s,ss,36,0.5846153846153846,1.1240531706019656,1.1352965062554858,-0.9903435438732844
boson,small,3s_s,ss,37,0.5897435897435898,1.0964701120886415,1.1074375308695488,-0.9903419809418668
boson,small,3s_s,ss,38,0.5948717948717949,1.0692296996962474,1.0799246297120084,-0.9903404109426694
boson,small,3s_s,ss,39,0.6,1.042331933401689,1.052757802782865,-0.9903388370635979
boson,small,ss,00,0,0.4,1.1248582387195618,1.184352528130723,-5.02335985258221
boson,small,ss,00,1,0.40512820512820513,1.105712064810433,1.1641937043266133,-5.023359884084488
boson,small,ss,00,2,0.41025641025641024,1.0867302359215554,1.144207917636702,-5.023359900695635
boson,small,ss,00,3,0.4153846153846154,1.0679127520434515,1.1243951680609885,-5.023359902456759
boson,small,ss,00,4,0.4205128205128205,1.04925961316655,1.104755455599474,-5.023359889434575
boson,small,ss,00,5,0.4256410256410256,1.0307708192812894,1.0852887802521578,-5.023359861713628
boson,small,ss,00,6,0.4307692307692308,1.0124463703780866,1.0659951420190399,-5.0233598194012075
boson,small,ss,00,7,0.4358974358974359,0.9942862664473963,1.0468745409001203,-5.023359762623302
boson,small,ss,00,8,0.441025641025641,0.9762905074796819,1.0279269768953991,-5.023359691529105
boson,small,ss,00,9,0.4461538461538462,0.9584590934654696,1.0091524500048765,-5.023359606287626
boson,small,ss,00,10,0.4512820512820513,0.9407920243953478,0.990550960228552,-5.023359507089187
boson,small,ss,00,11,0.4564102564102564,0.9232893002600021,0.972122507566426,-5.023359394143756
boson,small,ss,00,12,0.46153846153846156,0.9059509210501936,0.9538670920184981,-5.023359267684569
boson,small,ss,00,13,0.4666666666666667,0.8887768867568248,0.9357847135847688,-5.023359127963123
boson,small,ss,00,14,0.4717948717948718,0.871767197370898,0.9178753722652379,-5.023358975254865
boson,small,ss,00,15,0.47692307692307695,0.8549218528835936,0.9001390680599048,-5.0233588098524855
boson,small,ss,00,16,0.48205128205128206,0.8382408532862144,0.8825758009687708,-5.023358632073471
boson,small,ss,00,17,0.48717948717948717,0.8217241985702604,0.8651855709918348,-5.023358442253145
boson,small,ss,00,18,0.49230769230769234,0.8053718887273977,0.8479683781290974,-5.023358240749709
boson,small,ss,00,19,0.49743589743589745,0.7891839237494978,0.8309242223805584,-5.023358027941061
boson,small,ss,00,20,0.5025641025641026,0.7731603036286282,0.8140531037462176,-5.023357804227214
boson,small,ss,00,21,0.5076923076923077,0.7573010283570895,0.7973550222260752,-5.023357570027221
boson,small,ss,00,22,0.5128205128205128,0.7416060979273797,0.7808299778201313,-5.023357325784817
boson,small,ss,00,23,0.517948717948718,0.7260755123322707,0.7644779705283854,-5.023357071960099
boson,small,ss,00,24,0.5230769230769231,0.7107092715647584,0.7482990003508381,-5.023356809037005
boson,small,ss,00,25,0.5282051282051282,0.6955073756181009,0.7322930672874891,-5.023356537519497
boson,small,ss,00,26,0.5333333333333333,0.6804698244858097,0.7164601713383386,-5.023356257933975
boson,small,ss,00,27,0.5384615384615384,0.6655966181616871,0.7008003125033865,-5.023355970825028
boson,small,ss,00,28,0.5435897435897435,0.650887756639795,0.6853134907826327,-5.0233556767608984
boson,small,ss,00,29,0.5487179487179488,0.6363432399144832,0.669999706176077,-5.023355376330397
boson,small,ss,00,30,0.5538461538461539,0.6219630679803995,0.6548589586837199,-5.02335507014241
boson,small,ss,00,31,0.558974358974359,0.6077472408324903,0.6398912483055612,-5.02335475882637
boson,small,ss,00,32,0.5641025641025641,0.5936957584659946,0.6250965750416009,-5.0233544430341
boson,small,ss,00,33,0.5692307692307692,0.5798086208764526,0.6104749388918388,-5.0233541234392165
boson,small,ss,00,34,0.5743589743589743,0.5660858280597272,0.5960263398562753,-5.023353800734364
boson,small,ss,00,35,0.5794871794871795,0.5525273800119865,0.5817507779349097,-5.023353475634352
boson,small,ss,00,36,0.5846153846153846,0.5391332767297198,0.5676482531277429,-5.0233531488744205
boson,small,ss,00,37,0.5897435897435898,0.5259035182097244,0.5537187654347744,-5.023352821212368
boson,small,ss,00,38,0.5948717948717949,0.5128381044491261,0.5399623148560042,-5.02335249342567
boson,small,ss,00,39,0.6,0.4999370354453698,0.5263789013914325,-5.0233521663133
boson,small,ss,3s_s,0,0.4,2.345246987234528,2.368705056261446,-0.9903330499045904
boson,small,ss,3s_s,1,0.40512820512820513,2.3053286461715476,2.3283874086532266,-0.990331866423233
boson,small,ss,3s_s,2,0.41025641025641024,2.265752952694289,2.288415835273404,-0.9903306134222523
boson,small,ss,3s_s,3,0.4153846153846154,2.226519906732943,2.248790336121977,-0.9903292908772898
boson,small,ss,3s_s,4,0.4205128205128205,2.18762950821733,2.209510911198948,-0.9903278988445785
boson,small,ss,3s_s,5,0.4256410256410256,2.1490817570770515,2.1705775605043156,-0.9903264374607201
boson,small,ss,3s_s,6,0.4307692307692308,2.1108766532416747,2.1319902840380798,-0.990324906941642
boson,small,ss,3s_s,7,0.4358974358974359,2.0730141966408095,2.0937490818002407,-0.9903233075857831
boson,small,ss,3s_s,8,0.441025641025641,2.0354943872043405,2.0558539537907983,-0.9903216397700199
boson,small,ss,3s_s,9,0.4461538461538462,1.9983172248625107,2.018304900009753,-0.9903199039523525
boson,small,ss,3s_s,10,0.4512820512820513,1.9614827095460885,1.981101920457104,-0.9903181006703954
boson,small,ss,3s_s,11,0.4564102564102564,1.924990841186461,1.944245015132852,-0.9903162305433755
boson,small,ss,3s_s,12,0.46153846153846156,1.8888416197158118,1.9077341840369961,-0.9903142942695231
boson,small,ss,3s_s,13,0.4666666666666667,1.8530350450671984,1.8715694271695376,-0.9903122926286256
boson,small,ss,3s_s,14,0.4717948717948718,1.8175711171747162,1.8357507445304757,-0.9903102264795405
boson,small,ss,3s_s,15,0.47692307692307695,1.7824498359735694,1.8002781361198097,-0.9903080967625377
boson,small,ss,3s_s,16,0.48205128205128206,1.7476712014002167,1.7651516019375415,-0.9903059044977902
boson,small,ss,3s_s,17,0.48717948717948717,1.713235213392453,1.7303711419836696,-0.9903036507862728
boson,small,ss,3s_s,18,0.49230769230769234,1.6791418718895335,1.6959367562581948,-0.9903013368090741
boson,small,ss,3s_s,19,0.49743589743589745,1.6453911768322662,1.6618484447611168,-0.990298963827374
boson,small,ss,3s_s,20,0.5025641025641026,1.6119831281630874,1.6281062074924353,-0.9902965331837987
boson,small,ss,3s_s,21,0.5076923076923077,1.5789177258261762,1.5947100444521505,-0.9902940463010435
boson,small,ss,3s_s,22,0.5128205128205128,1.5461949697675395,1.5616599556402626,-0.9902915046818062
boson,small,ss,3s_s,23,0.517948717948718,1.5138148599350667,1.5289559410567708,-0.9902889099105749
boson,small,ss,3s_s,24,0.5230769230769231,1.4817773962786402,1.4965980007016761,-0.9902862636517851
boson,small,ss,3s_s,25,0.5282051282051282,1.4500825787502034,1.4645861345749782,-0.9902835676498967
boson,small,ss,3s_s,26,0.5333333333333333,1.4187304073037934,1.4329203426766772,-0.9902808237321259
boson,small,ss,3s_s,27,0.5384615384615384,1.387720881895667,1.401600625006773,-0.9902780338043038
boson,small,ss,3s_s,28,0.5435897435897435,1.3570540024843112,1.3706269815652654,-0.990275199854429
boson,small,ss,3s_s,29,0.5487179487179488,1.3267297690305244,1.339999412352154,-0.9902723239510025
boson,small,ss,3s_s,30,0.5538461538461539,1.2967481814974597,1.3097179173674398,-0.9902694082439933
boson,small,ss,3s_s,31,0.558974358974359,1.2671092398506905,1.2797824966111224,-0.9902664549633178
boson,small,ss,3s_s,32,0.5641025641025641,1.2378129440582186,1.2501931500832018,-0.9902634664219034
boson,small,ss,3s_s,33,0.5692307692307692,1.2088592940905685,1.2209498777836776,-0.9902604450115926
boson,small,ss,3s_s,34,0.5743589743589743,1.1802482899207696,1.1920526797125506,-0.9902573932074499
boson,small,ss,3s_s,35,0.5794871794871795,1.1519799315244321,1.1635015558698194,-0.9902543135641872
boson,small,ss,3s_s,36,0.5846153846153846,1.1240542188797344,1.1352965062554858,-0.9902512087200499
boson,small,ss,3s_s,37,0.5897435897435898,1.0964711519674946,1.1074375308695488,-0.9902480813923198
boson,small,ss,3s_s,38,0.5948717948717949,1.069230730771138,1.0799246297120084,-0.990244934382345
boson,small,ss,3s_s,39,0.6,1.0423329552767628,1.052757802782865,-0.9902417705710764
ising,large,I,epsilon,0,0.4,4.130379017583113,4.124858443829334,0.13383668382700442
ising,large,I,epsilon,1,0.40512820512820513,4.081728113914275,4.076704567729554,0.12322566183693429
ising,large,I,epsilon,2,0.41025641025641024,4.033762547423766,4.029235855295656,0.11234616911690587
ising,large,I,epsilon,3,0.4153846153846154,3.986461049114251,3.982430651110986,0.10120447426098522
ising,large,I,epsilon,4,0.4205128205128205,3.9398031966845894,3.936268164422664,0.08980669289446741
ising,large,I,epsilon,5,0.4256410256410256,3.893769369034984,3.8907284225218226,0.0781587965779984
ising,large,I,epsilon,6,0.4307692307692308,3.848340703660077,3.845792227082447,0.06626662146966833
ising,large,I,epsilon,7,0.4358974358974359,3.8034990567110514,3.8014411132347803,0.0541358767627953
ising,large,I,epsilon,8,0.441025641025641,3.759226965526783,3.7576573111684026,0.041772152923980066
ising,large,I,epsilon,9,0.4461538461538462,3.7155076134508005,3.714423710077384,0.029180929748950923
ising,large,I,epsilon,10,0.4512820512820513,3.672324796766242,3.671723824275612,0.016367584257204193
ising,large,I,epsilon,11,0.4564102564102564,3.6296628935948347,3.629541761324542,0.0033373984447138128
ising,large,I,epsilon,12,0.46153846153846156,3.5875068346184436,3.587862192028463,-0.009904433085772268
ising,large,I,epsilon,13,0.4666666666666667,3.545842075493161,3.5466703221640214,-0.023352795597730847
ising,large,I,epsilon,14,0.4717948717948718,3.50465457083622,3.5059518658213538,-0.03700264677849452
ising,large,I,epsilon,15,0.47692307692307695,3.4639307496754608,3.4656930202437546,-0.05084900936118686
ising,large,I,epsilon,16,0.48205128205128206,3.4236574922595278,3.425880442061602,-0.06488696379423065
ising,large,I,epsilon,17,0.48717948717948717,3.38382210813489,3.3865012248241744,-0.0791116409362469
ising,large,I,epsilon,18,0.49230769230769234,3.3444123154027303,3.347542877740312,-0.09351821475979127
ising,large,I,epsilon,19,0.49743589743589745,3.3054162210753204,3.308993305545458,-0.10810189504290024
ising,large,I,epsilon,20,0.5025641025641026,3.2668223024574057,3.27084078941864,-0.12285792002577622
ising,large,I,epsilon,21,0.5076923076923077,3.2286193894831756,3.2330739688785464,-0.13778154902270856
ising,large,I,epsilon,22,0.5128205128205128,3.1907966479451195,3.1956818245927785,-0.1528680549504169
ising,large,I,epsilon,23,0.517948717948718,3.153343563554454,3.1586536620390464,-0.16811271676947515
ising,large,I,epsilon,24,0.5230769230769231,3.1162499267778907,3.121979095961273,-0.18351081180505435
ising,large,I,epsilon,25,0.5282051282051282,3.079505818398702,3.085648035567377,-0.1990576079279105
ising,large,I,epsilon,26,0.5333333333333333,3.043101595753663,3.04965067041907,-0.21474835557171446
ising,large,I,epsilon,27,0.5384615384615384,3.007027879600595,3.013977456967198,-0.2305782795600564
ising,large,I,epsilon,28,0.5435897435897435,2.9712755415740513,2.9786191056890945,-0.246542570717323
ising,large,I,epsilon,29,0.5487179487179488,2.935835692189274,2.9435665687871104,-0.2626363772375018
ising,large,I,epsilon,30,0.5538461538461539,2.9006996693570697,2.908811028409913,-0.2788547957781051
ising,large,I,epsilon,31,0.558974358974359,2.8658590273742397,2.8743438853604015,-0.2951928622520361
ising,large,I,epsilon,32,0.5641025641025641,2.8313055263563607,2.8401567482560988,-0.31164554228116925
ising,large,I,epsilon,33,0.5692307692307692,2.7970311220813384,2.8062414231097343,-0.3282077212797163
ising,large,I,epsilon,34,0.5743589743589743,2.763027956213911,2.7725899032993855,-0.34487419412787546
ising,large,I,epsilon,35,0.5794871794871795,2.729288346882655,2.739194359899068,-0.3616396543974276
ising,large,I,epsilon,36,0.5846153846153846,2.6958047795824034,2.706047132342,-0.37849868308583723
ising,large,I,epsilon,37,0.5897435897435898,2.662569898376102,2.6731407193899566,-0.3954457368135489
ising,large,I,epsilon,38,0.5948717948717949,2.6295764973711933,2.6404677703832347,-0.41247513543635206
ising,large,I,epsilon,39,0.6,2.5968175124465507,2.608021076746622,-0.42958104901694716
ising,large,I,sigma,0,0.4,0.7889859652941861,0.7974877735498891,-1.0660738054777408
ising,large,I,sigma,1,0.40512820512820513,0.7789078963371315,0.7872698815430493,-1.0621497661676416
ising,large,I,sigma,2,0.41025641025641024,0.7689676743966963,0.7771911968465433,-1.0581080283994293
ising,large,I,sigma,3,0.4153846153846154,0.7591612412279207,0.7672476504449054,-1.0539503395410321
ising,large,I,sigma,4,0.4205128205128205,0.7494846951288061,0.7574353300158443,-1.0496783780698293
ising,large,I,sigma,5,0.4256410256410256,0.7399342828694209,0.7477504718672409,-1.045293756659471
ising,large,I,sigma,6,0.4307692307692308,0.7305063921186813,0.7381894533710931,-1.0407980251310178
ising,large,I,sigma,7,0.4358974358974359,0.7211975443323102,0.7287487858579769,-1.0361926732785354
ising,large,I,sigma,8,0.441025641025641,0.7120043880685306,0.7194251079386431,-1.0314791335786055
ising,large,I,sigma,9,0.4461538461538462,0.7029236927008069,0.7102151792221181,-1.0266587837924557
ising,large,I,sigma,10,0.4512820512820513,0.6939523424994525,0.7011158744021821,-1.0217329494697003
ising,large,I,sigma,11,0.4564102564102564,0.685087331056197,0.6921241776863593,-1.0167029063606892
ising,large,I,sigma,12,0.46153846153846156,0.676325756027863,0.6832371775436179,-1.0115698827459663
ising,large,I,sigma,13,0.4666666666666667,0.6676648141771809,0.6744520617488561,-1.0063350616907885
ising,large,I,sigma,14,0.4717948717948718,0.6591017966904955,0.6657661127039459,-1.0009995832296004
ising,large,I,sigma,15,0.47692307692307695,0.6506340847536445,0.657176703016677,-0.9955645464910012
ising,large,I,sigma,16,0.48205128205128206,0.6422591453687525,0.6486812913203444,-0.9900310117654243
ising,large,I,sigma,17,0.48717948717948717,0.6339745273959383,0.6402774183180354,-0.9844000025261535
ising,large,I,sigma,18,0.49230769230769234,0.6257778578051528,0.6319627030368472,-0.9786725074080516
ising,large,I,sigma,19,0.49743589743589745,0.6176668381244402,0.6237348392783484,-0.97284948214994
ising,large,I,sigma,20,0.5025641025641026,0.6096392410718944,0.6155915922525934,-0.9669318515085568
ising,large,I,sigma,21,0.5076923076923077,0.6016929073595195,0.607530795383908,-0.9609205111486441
ising,large,I,sigma,22,0.5128205128205128,0.5938257426580111,0.5995503472774909,-0.9548163295167389
ising,large,I,sigma,23,0.517948717948718,0.58603571471226,0.5916482088366464,-0.9486201497038493
ising,large,I,sigma,24,0.5230769230769231,0.5783208505980708,0.5838224005211629,-0.942332791304501
ising,large,I,sigma,25,0.5282051282051282,0.5706792341112394,0.5760709997379937,-0.9359550522776705
ising,large,I,sigma,26,0.5333333333333333,0.5631090032807271,0.5683921383559922,-0.9294877108163346
ising,large,I,sigma,27,0.5384615384615384,0.5556083479982028,0.5607840003369953,-0.9229315272337058
ising,large,I,sigma,28,0.5435897435897435,0.5481755077567486,0.5532448194760504,-0.916287245871128
ising,large,I,sigma,29,0.5487179487179488,0.5408087694919591,0.5457728772440411,-0.9095555970368041
ising,large,I,sigma,30,0.5538461538461539,0.5335064655191097,0.5383665007263897,-0.9027372989817484
ising,large,I,sigma,31,0.558974358974359,0.5262669715604452,0.5310240606519059,-0.8958330599221243
ising,large,I,sigma,32,0.5641025641025641,0.5190887048570111,0.523743969506206,-0.8888435801149175
ising,large,I,sigma,33,0.5692307692307692,0.5119701223597679,0.5165246797244607,-0.8817695539973802
ising,large,I,sigma,34,0.5743589743589743,0.5049097189950397,0.5093646819585268,-0.8746116723989616
ising,large,I,sigma,35,0.5794871794871795,0.4979060259996267,0.5022625034138002,-0.867370624835262
ising,large,I,sigma,36,0.5846153846153846,0.4909576093211598,0.49521670625138037,-0.8600471018961553
ising,large,I,sigma,37,0.5897435897435898,0.48406306807951427,0.48822588605136885,-0.8526417977387957
ising,large,I,sigma,38,0.5948717948717949,0.4772210330853184,0.481288670333338,-0.8451554126969962
ising,large,I,sigma,39,0.6,0.4704301654117695,0.474403717130203,-0.8375886560228918
ising,large,epsilon,I,0,0.4,4.140329314135471,4.124858443829334,0.37506427230928896
ising,large,epsilon,I,1,0.40512820512820513,4.091711985114918,4.076704567729554,0.36812619447970096
ising,large,epsilon,I,2,0.41025641025641024,4.043777720777134,4.029235855295656,0.3609087679085743
ising,large,epsilon,I,3,0.4153846153846154,3.9965053260935384,3.982430651110986,0.35341921091898154
ising,large,epsilon,I,4,0.4205128205128205,3.949874448869536,3.936268164422664,0.3456645705658623
ising,large,epsilon,I,5,0.4256410256410256,3.9038655344693782,3.8907284225218226,0.33765173306650187
ising,large,epsilon,I,6,0.4307692307692308,3.8584597834131826,3.845792227082447,0.3293874339214131
ising,large,epsilon,I,7,0.4358974358974359,3.8136391116285915,3.8014411132347803,0.32087826775333284
ising,large,epsilon,I,8,0.441025641025641,3.769386113158148,3.7576573111684026,0.31213069789215453
ising,large,epsilon,I,9,0.4461538461538462,3.7256840251401533,3.714423710077384,0.3031510657284242
ising,large,epsilon,I,10,0.4512820512820513,3.6825166948962247,3.671723824275612,0.29394559986390956
ising,large,epsilon,I,11,0.4564102564102564,3.639868548972334,3.629541761324542,0.28452042508042563
ising,large,epsilon,I,12,0.46153846153846156,3.5977245639926974,3.587862192028463,0.27488157115249656
ising,large,epsilon,I,13,0.4666666666666667,3.5560702391972097,3.5466703221640214,0.26503498152747884
ising,large,epsilon,I,14,0.4717948717948718,3.514891570543303,3.5059518658213538,0.25498652189437365
ising,large,epsilon,I,15,0.47692307692307695,3.474175026262589,3.4656930202437546,0.24474198866688557
ising,large,epsilon,I,16,0.48205128205128206,3.4339075237710164,3.425880442061602,0.2343071174014444
ising,large,epsilon,I,17,0.48717948717948717,3.394076407839048,3.3865012248241744,0.2236875911735936
ising,large,epsilon,I,18,0.49230769230769234,3.3546694299355044,3.347542877740312,0.21288904893739247
ising,large,epsilon,I,19,0.49743589743589745,3.315674728664866,3.308993305545458,0.2019170938850401
ising,large,epsilon,I,20,0.5025641025641026,3.277080811224254,3.27084078941864,0.19077730184242636
ising,large,epsilon,I,21,0.5076923076923077,3.238876535810741,3.2330739688785464,0.17947522970553909
ising,large,epsilon,I,22,0.5128205128205128,3.2010510949156656,3.1956818245927785,0.16801642396209182
ising,large,epsilon,I,23,0.517948717948718,3.16359399944607,3.1586536620390464,0.15640642930869753
ising,large,epsilon,I,24,0.5230769230769231,3.126495063618121,3.121979095961273,0.14465079739609532
ising,large,epsilon,I,25,0.5282051282051282,3.089744390570793,3.085648035567377,0.13275509572701072
ising,large,epsilon,I,26,0.5333333333333333,3.0533323586516206,3.04965067041907,0.12072491673431607
ising,large,epsilon,I,27,0.5384615384615384,3.017249608329399,3.013977456967198,0.10856588706849024
ising,large,epsilon,I,28,0.5435897435897435,2.9814870296915794,2.9786191056890945,0.09628367712430919
ising,large,epsilon,I,29,0.5487179487179488,2.946035750486685,2.9435665687871104,0.08388401083763153
ising,large,epsilon,I,30,0.5538461538461539,2.9108871246744634,2.908811028409913,0.07137267578654072
ising,large,epsilon,I,31,0.558974358974359,2.8760327214486447,2.8743438853604015,0.05875553363132724
ising,large,epsilon,I,32,0.5641025641025641,2.841464314699108,2.8401567482560988,0.04603853093010368
ising,large,epsilon,I,33,0.5692307692307692,2.807173872882101,2.8062414231097343,0.03322771037046479
ising,large,epsilon,I,34,0.5743589743589743,2.7731535492686734,2.7725899032993855,0.020329222457937668
ising,large,epsilon,I,35,0.5794871794871795,2.7393956725430315,2.739194359899068,0.007349337707140968
ising,large,epsilon,I,36,0.5846153846153846,2.705892737723755,2.706047132342,-0.005705540616773863
ising,large,epsilon,I,37,0.5897435897435898,2.6726373973819557,2.6731407193899566,-0.01882886315524024
ising,large,epsilon,I,38,0.5948717948717949,2.6396224531315613,2.6404677703832347,-0.032013920455864486
ising,large,epsilon,I,39,0.6,2.6068408473676605,2.608021076746622,-0.04525382825638635
ising,large,epsilon,sigma,0,0.4,0.19734774908844402,0.19937194338747227,-1.0152854331636374
ising,large,epsilon,sigma,1,0.40512820512820513,0.19479060657847044,0.19681747038576233,-1.0298190517941452
ising,large,epsilon,sigma,2,0.41025641025641024,0.1922689251781474,0.1942977992116358,-1.044208447918904
ising,large,epsilon,sigma,3,0.4153846153846154,0.1897816622375772,0.19181191261122635,-1.0584589590971638
ising,large,epsilon,sigma,4,0.4205128205128205,0.1873278154720876,0.18935883250396107,-1.0725758101782668
ising,large,epsilon,sigma,5,0.4256410256410256,0.18490642088089612,0.18693761796681022,-1.086564121232525
ising,large,epsilon,sigma,6,0.4307692307692308,0.18251655079433113,0.18454736334277327,-1.100428915188656
ising,large,epsilon,sigma,7,0.4358974358974359,0.1801573120401816,0.18218719646449422,-1.114175125203276
ising,large,epsilon,sigma,8,0.441025641025641,0.17782784422053122,0.17985627698466078,-1.127807601790043
ising,large,epsilon,sigma,9,0.4461538461538462,0.17552731809114566,0.17755379480552952,-1.141331119733835
ising,large,epsilon,sigma,10,0.4512820512820513,0.17325493403613712,0.17527896860054554,-1.1547503848114982
ising,large,epsilon,sigma,11,0.4564102564102564,0.17100992063120776,0.1730310444215898,-1.1680700403435051
ising,large,epsilon,sigma,12,0.46153846153846156,0.16879153328931423,0.17080929438590448,-1.1812946735975438
ising,large,epsilon,sigma,13,0.4666666666666667,0.1665990529830803,0.16861301543721402,-1.1944288220642418
ising,large,epsilon,sigma,14,0.4717948717948718,0.16443178503872366,0.16644152817598648,-1.207476979626032
ising,large,epsilon,sigma,15,0.47692307692307695,0.1622890579966701,0.16429417575416924,-1.2204436026383436
ising,large,epsilon,sigma,16,0.48205128205128206,0.16017022253439378,0.1621703228300861,-1.2333331159412597
ising,large,epsilon,sigma,17,0.48717948717948717,0.15807465044735627,0.16006935457950885,-1.2461499188227032
ising,large,epsilon,sigma,18,0.49230769230769234,0.15600173368422934,0.1579906757592118,-1.2588983909491813
ising,large,epsilon,sigma,19,0.49743589743589745,0.1539508834328609,0.1559337098195871,-1.2715828982843402
ising,large,epsilon,sigma,20,0.5025641025641026,0.1519215292537048,0.15389789806314835,-1.2842077990126821
ising,large,epsilon,sigma,21,0.5076923076923077,0.14991311825766868,0.151882698845977,-1.2967774494879403
ising,large,epsilon,sigma,22,0.5128205128205128,0.1479251143255507,0.14988758681937273,-1.3092962102238537
ising,large,epsilon,sigma,23,0.517948717948718,0.14595699736643356,0.1479120522091616,-1.3217684519469808
ising,large,epsilon,sigma,24,0.5230769230769231,0.14400826261258667,0.1459556001302907,-1.3341985617309038
ising,large,epsilon,sigma,25,0.5282051282051282,0.14207841994859247,0.14401774993449842,-1.3465909492322958
ising,large,epsilon,sigma,26,0.5333333333333333,0.14016699327257087,0.14209803458899806,-1.3589500530478804
ising,large,epsilon,sigma,27,0.5384615384615384,0.13827351988751074,0.14019600008424882,-1.3712803472158863
ising,large,epsilon,sigma,28,0.5435897435897435,0.13639754992085285,0.1383112048690126,-1.383586347882726
ising,large,epsilon,sigma,29,0.5487179487179488,0.13453864577058422,0.13644321931101028,-1.395872620159122
ising,large,epsilon,sigma,30,0.5538461538461539,0.1326963815762169,0.13459162518159742,-1.4081437851897305
ising,large,epsilon,sigma,31,0.558974358974359,0.13087034271312262,0.13275601516297647,-1.4204045274626043
ising,large,epsilon,sigma,32,0.5641025641025641,0.1290601253087905,0.1309359923765515,-1.4326596023852
ising,large,epsilon,sigma,33,0.5692307692307692,0.1272653357796572,0.12913116993111518,-1.444913844158069
ising,large,epsilon,sigma,34,0.5743589743589743,0.1254855903872432,0.1273411704896317,-1.4571721739746302
ising,large,epsilon,sigma,35,0.5794871794871795,0.12372051481239481,0.12556562585345005,-1.4694396085826122
ising,large,epsilon,sigma,36,0.5846153846153846,0.12196974374650418,0.12380417656284509,-1.4817212692414428
ising,large,epsilon,sigma,37,0.5897435897435898,0.12023292049863483,0.12205647151284221,-1.4940223911155015
ising,large,epsilon,sigma,38,0.5948717948717949,0.11850969661754232,0.1203221675833345,-1.506348333142249
ising,large,epsilon,sigma,39,0.6,0.11679973152762413,0.11860092928255075,-1.518704588423181
ising,large,sigma,I,0,0.4,0.7889821315226028,0.7974877735498891,-1.0665545365573181
ising,large,sigma,I,1,0.40512820512820513,0.778903869909258,0.7872698815430493,-1.062661208046467
ising,large,sigma,I,2,0.41025641025641024,0.7689634669003133,0.7771911968465433,-1.0586494005096925
ising,large,sigma,I,3,0.4153846153846154,0.7591568641030035,0.7672476504449054,-1.0545208365526082
ising,large,sigma,I,4,0.4205128205128205,0.7494801596640481,0.7574353300158443,-1.0502771704126501
ising,large,sigma,I,5,0.4256410256410256,0.7399296001991472,0.7477504718672409,-1.0459199910049954
ising,large,sigma,I,6,0.4307692307692308,0.7305015732201068,0.7381894533710931,-1.0414508248360987
ising,large,sigma,I,7,0.4358974358974359,0.7211926000231133,0.7287487858579769,-1.0368711387927054
ising,large,sigma,I,8,0.441025641025641,0.7119993290047012,0.7194251079386431,-1.0321823428179888
ising,large,sigma,I,9,0.4461538461538462,0.7029185293747494,0.7102151792221181,-1.0273857924805951
ising,large,sigma,I,10,0.4512820512820513,0.693947085238309,0.7011158744021821,-1.0224827914480983
ising,large,sigma,I,11,0.4564102564102564,0.6850819900203698,0.6921241776863593,-1.0174745938698604
ising,large,sigma,I,12,0.46153846153846156,0.6763203412097073,0.6832371775436179,-1.0123624066796344
ising,large,sigma,I,13,0.4666666666666667,0.6676593353998586,0.6744520617488561,-1.007147391822627
ising,large,sigma,I,14,0.4717948717948718,0.6590962636069548,0.6657661127039459,-1.0018306684162925
ising,large,sigma,I,15,0.47692307692307695,0.6506285068457237,0.657176703016677,-0.9964133148504306
ising,large,sigma,I,16,0.48205128205128206,0.6422535319463755,0.6486812913203444,-0.9908963708334606
ising,large,sigma,I,17,0.48717948717948717,0.6339688875963965,0.6402774183180354,-0.9852808393916224
ising,large,sigma,I,18,0.49230769230769234,0.6257722005924603,0.6319627030368472,-0.9795676888270322
ising,large,sigma,I,19,0.49743589743589745,0.6176611722887378,0.6237348392783484,-0.9737578546418324
ising,large,sigma,I,20,0.5025641025641026,0.6096335752289029,0.6155915922525934,-0.9678522414331092
ising,large,sigma,I,21,0.5076923076923077,0.6016872499500209,0.607530795383908,-0.9618517247663938
ising,large,sigma,I,22,0.5128205128205128,0.5938201019473535,0.5995503472774909,-0.9557571530327658
ising,large,sigma,I,23,0.517948717948718,0.5860300987898717,0.5916482088366464,-0.9495693492965307
ising,large,sigma,I,24,0.5230769230769231,0.5783152673769728,0.5838224005211629,-0.9432891131402221
ising,large,sigma,I,25,0.5282051282051282,0.5706736913275554,0.5760709997379937,-0.936917222511302
ising,large,sigma,I,26,0.5333333333333333,0.5631035084931697,0.5683921383559922,-0.930454435580208
ising,large,sigma,I,27,0.5384615384615384,0.55560290858754,0.5607840003369953,-0.9239014926142208
ising,large,sigma,I,28,0.5435897435897435,0.5481701309252327,0.5532448194760504,-0.9172591178754685
ising,large,sigma,I,29,0.5487179487179488,0.5408034622627161,0.5457728772440411,-0.9105280215496836
ising,large,sigma,I,30,0.5538461538461539,0.5335012347354814,0.5383665007263897,-0.9037089017135846
ising,large,sigma,I,31,0.558974358974359,0.5262618238852731,0.5310240606519059,-0.8968024463498869
ising,large,sigma,I,32,0.5641025641025641,0.5190836467718599,0.523743969506206,-0.8898093354163028
ising,large,sigma,I,33,0.5692307692307692,0.5119651601640781,0.5165246797244607,-0.8827302429798456
ising,large,sigma,I,34,0.5743589743589743,0.5049048588052053,0.5093646819585268,-0.8755658394243748
ising,large,sigma,I,35,0.5794871794871795,0.4979012737479886,0.5022625034138002,-0.8683167937421188
ising,large,sigma,I,36,0.5846153846153846,0.490952970754909,0.49521670625138037,-0.8609837759203209
ising,large,sigma,I,37,0.5897435897435898,0.4840585487595025,0.48822588605136885,-0.8535674594337017
ising,large,sigma,I,38,0.5948717948717949,0.47721663838476086,0.481288670333338,-0.846068523856347
ising,large,sigma,I,39,0.6,0.47042590051484323,0.474403717130203,-0.8384876576057798
ising,large,sigma,epsilon,0,0.4,0.2010766335026381,0.19937194338747227,0.85503009410548
ising,large,sigma,epsilon,1,0.40512820512820513,0.19853889168908576,0.19681747038576233,0.8746283040572678
ising,large,sigma,epsilon,2,0.41025641025641024,0.19603531880520314,0.1942977992116358,0.8942559311620135
ising,large,sigma,epsilon,3,0.4153846153846154,0.19356491089026315,0.19181191261122635,0.9139152282944263
ising,large,sigma,epsilon,4,0.4205128205128205,0.1911267025102127,0.18935883250396107,0.9336084210461282
ising,large,sigma,epsilon,5,0.4256410256410256,0.1887197647750162,0.18693761796681022,0.9533377110445551
ising,large,sigma,epsilon,6,0.4307692307692308,0.18634320347792996,0.18454736334277327,0.9731052791153383
ising,large,sigma,epsilon,7,0.4358974358974359,0.18399615734777613,0.18218719646449422,0.9929132883025993
ising,large,sigma,epsilon,8,0.441025641025641,0.18167779640603524,0.17985627698466078,1.0127638867615474
ising,large,sigma,epsilon,9,0.4461538461538462,0.17938732042124647,0.17755379480552952,1.0326592105368126
ising,large,sigma,epsilon,10,0.4512820512820513,0.17712395745381904,0.17527896860054554,1.0526013862382833
ising,large,sigma,epsilon,11,0.4564102564102564,0.17488696248490962,0.1730310444215898,1.0725925336252828
ising,large,sigma,epsilon,12,0.46153846153846156,0.1726756161235307,0.17080929438590448,1.0926347681114335
ising,large,sigma,epsilon,13,0.4666666666666667,0.17048922338650568,0.16861301543721402,1.1127302031973318
ising,large,sigma,epsilon,14,0.4717948717948718,0.16832711254631277,0.16644152817598648,1.1328809528428296
ising,large,sigma,epsilon,15,0.47692307692307695,0.16618863404223466,0.16429417575416924,1.1530891337865112
ising,large,sigma,epsilon,16,0.48205128205128206,0.16407315945058001,0.1621703228300861,1.1733568678207629
ising,large,sigma,epsilon,17,0.48717948717948717,0.16198008051006202,0.16006935457950885,1.193686284031381
ising,large,sigma,epsilon,18,0.49230769230769234,0.15990880819870573,0.1579906757592118,1.214079521007494
ising,large,sigma,epsilon,19,0.49743589743589745,0.15785877185892572,0.1559337098195871,1.2345387290316534
ising,large,sigma,epsilon,20,0.5025641025641026,0.15582941836765252,0.15389789806314835,1.2550660722550067
ising,large,sigma,epsilon,21,0.5076923076923077,0.1538202113486163,0.151882698845977,1.275663730866472
ising,large,sigma,epsilon,22,0.5128205128205128,0.15183063042409237,0.14988758681937273,1.2963339032612264
ising,large,sigma,epsilon,23,0.517948717948718,0.1498601705036066,0.1479120522091616,1.3170788082164986
ising,large,sigma,epsilon,24,0.5230769230769231,0.1479083411072666,0.1459556001302907,1.3379006870806842
ising,large,sigma,epsilon,25,0.5282051282051282,0.14597466572154458,0.14401774993449842,1.3588018059830675
ising,large,sigma,epsilon,26,0.5333333333333333,0.1440586811854812,0.14209803458899806,1.379784458070854
ising,large,sigma,epsilon,27,0.5384615384615384,0.1421599371054138,0.14019600008424882,1.4008509657798873
ising,large,sigma,epsilon,28,0.5435897435897435,0.14027799529645618,0.1383112048690126,1.4220036831478877
ising,large,sigma,epsilon,29,0.5487179487179488,0.13841242924906438,0.13644321931101028,1.4432449981742757
ising,large,sigma,epsilon,30,0.5538461538461539,0.13656282361913552,0.13459162518159742,1.4645773352379488
ising,large,sigma,epsilon,31,0.558974358974359,0.1347287737401727,0.13275601516297647,1.4860031575777422
ising,large,sigma,epsilon,32,0.5641025641025641,0.1329098851561424,0.1309359923765515,1.507524969845031
ising,large,sigma,epsilon,33,0.5692307692307692,0.13110577317372973,0.12913116993111518,1.5291453207369798
ising,large,sigma,epsilon,34,0.5743589743589743,0.12931606243276905,0.1273411704896317,1.550866805718698
ising,large,sigma,epsilon,35,0.5794871794871795,0.12754038649369845,0.12556562585345005,1.572692069844961
ising,large,sigma,epsilon,36,0.5846153846153846,0.12577838744094497,0.12380417656284509,1.5946238106900434
ising,large,sigma,epsilon,37,0.5897435897435898,0.12402971550120763,0.12205647151284221,1.6166647813981694
ising,large,sigma,epsilon,38,0.5948717948717949,0.12229402867565356,0.1203221675833345,1.6388177938644333
ising,large,sigma,epsilon,39,0.6,0.12057099238509288,0.11860092928255075,1.661085722059319
ising,small,I,epsilon,0,0.4,18.55257018012766,18.702545478528464,-0.8018977875123179
ising,small,I,epsilon,1,0.40512820512820513,18.23679986799654,18.384210092707942,-0.8018306142501652
ising,small,I,epsilon,2,0.41025641025641024,17.923739591551815,18.06860719946957,-0.8017641111928597
ising,small,I,epsilon,3,0.4153846153846154,17.613389362462147,17.755736798813345,-0.8016982790638782
ising,small,I,epsilon,4,0.4205128205128205,17.30574919234336,17.445598890739273,-0.8016331183112957
ising,small,I,epsilon,5,0.4256410256410256,17.000819092661352,17.138193475247355,-0.8015686296482305
ising,small,I,epsilon,6,0.4307692307692308,16.698599074814048,16.833520552337585,-0.8015048135893488
ising,small,I,epsilon,7,0.4358974358974359,16.39908915008655,16.531580122009967,-0.8014416707028515
ising,small,I,epsilon,8,0.441025641025641,16.102289329657285,16.232372184264495,-0.8013792015766574
ising,small,I,epsilon,9,0.4461538461538462,15.808199624597941,15.93589673910118,-0.801317406819746
ising,small,I,epsilon,10,0.4512820512820513,15.516820045878516,15.64215378652001,-0.8012562870306494
ising,small,I,epsilon,11,0.4564102564102564,15.228150604369013,15.351143326520994,-0.80119584278453
ising,small,I,epsilon,12,0.46153846153846156,14.942191310842217,15.062865359104121,-0.8011360746112417
ising,small,I,epsilon,13,0.4666666666666667,14.658942175943887,14.777319884269405,-0.8010769831918729
ising,small,I,epsilon,14,0.4717948717948718,14.3784032102314,14.494506902016838,-0.8010185691055272
ising,small,I,epsilon,15,0.47692307692307695,14.100574424168345,14.214426412346414,-0.8009608328562567
ising,small,I,epsilon,16,0.48205128205128206,13.825455828103044,13.937078415258151,-0.8009037750186132
ising,small,I,epsilon,17,0.48717948717948717,13.553047432252317,13.662462910752035,-0.8008473963622698
ising,small,I,epsilon,18,0.49230769230769234,13.283349246784937,13.39057989882807,-0.8007916972476936
ising,small,I,epsilon,19,0.49743589743589745,13.016361281714655,13.121429379486257,-0.8007366783977288
ising,small,I,epsilon,20,0.5025641025641026,12.752083546955555,12.855011352726594,-0.8006823405037888
ising,small,I,epsilon,21,0.5076923076923077,12.490516052338318,12.591325818549079,-0.8006286840917975
ising,small,I,epsilon,22,0.5128205128205128,12.231658807618077,12.330372776953716,-0.8005757094395549
ising,small,I,epsilon,23,0.517948717948718,11.975511822335324,12.0721522279405,-0.8005234177009823
ising,small,I,epsilon,24,0.5230769230769231,11.722075106071824,11.816664171509437,-0.8004718088347906
ising,small,I,epsilon,25,0.5282051282051282,11.471348668151643,11.563908607660524,-0.8004208840561411
ising,small,I,epsilon,26,0.5333333333333333,11.223332517900808,11.313885536393764,-0.8003706436809144
ising,small,I,epsilon,27,0.5384615384615384,10.978026664501023,11.066594957709153,-0.8003210883437251
ising,small,I,epsilon,28,0.5435897435897435,10.735431117037004,10.822036871606691,-0.800272218596032
ising,small,I,epsilon,29,0.5487179487179488,10.49554588449075,10.580211278086376,-0.8002240349489265
ising,small,I,epsilon,30,0.5538461538461539,10.258370975703778,10.341118177148216,-0.800176538232511
ising,small,I,epsilon,31,0.558974358974359,10.023906399446297,10.104757568792207,-0.800129728946819
ising,small,I,epsilon,32,0.5641025641025641,9.792152164374613,9.871129453018348,-0.8000836076522688
ising,small,I,epsilon,33,0.5692307692307692,9.563108279022607,9.640233829826638,-0.8000381750638219
ising,small,I,epsilon,34,0.5743589743589743,9.336774751843024,9.41207069921708,-0.7999934316294532
ising,small,I,epsilon,35,0.5794871794871795,9.113151591160273,9.186640061189667,-0.7999493780088018
ising,small,I,epsilon,36,0.5846153846153846,8.89223880519155,8.963941915744412,-0.7999060148629722
ising,small,I,epsilon,37,0.5897435897435898,8.674036402059334,8.743976262881302,-0.7998633427090507
ising,small,I,epsilon,38,0.5948717948717949,8.458544389760004,8.526743102600346,-0.7998213622683714
ising,small,I,epsilon,39,0.6,8.245762776202762,8.312242434901542,-0.7997800740224381
ising,small,I,sigma,0,0.4,0.2962102779501743,0.29608813203268075,0.04125322979176005
ising,small,I,sigma,1,0.40512820512820513,0.29116853851961105,0.2910484260816533,0.041268884211054235
ising,small,I,sigma,2,0.41025641025641024,0.28617007465031225,0.2860519794091755,0.04128453904799212
ising,small,I,sigma,3,0.4153846153846154,0.2812148863625804,0.2810987920152471,0.04130019431993759
ising,small,I,sigma,4,0.4205128205128205,0.27630297367664647,0.2761888638998685,0.04131585001896365
ising,small,I,sigma,5,0.4256410256410256,0.2714343366128194,0.27132219506303945,0.041331506165165344
ising,small,I,sigma,6,0.4307692307692308,0.26660897519136256,0.26649878550475997,0.04134716276245065
ising,small,I,sigma,7,0.4358974358974359,0.2618268894325039,0.2617186352250301,0.0413628198010052
ising,small,I,sigma,8,0.441025641025641,0.25708807935652955,0.2569817442238498,0.04137847729259736
ising,small,I,sigma,9,0.4461538461538462,0.252392544983682,0.25228811250121913,0.041394135231942464
ising,small,I,sigma,10,0.4512820512820513,0.24774028633421638,0.247637740057138,0.04140979361817454
ising,small,I,sigma,11,0.4564102564102564,0.24313130342838507,0.2430306268916065,0.04142545244860685
ising,small,I,sigma,12,0.46153846153846156,0.23856559628644114,0.23846677300462452,0.041441111720286194
ising,small,I,sigma,13,0.4666666666666667,0.23404316492861224,0.2339461783961922,0.04145677141851323
ising,small,I,sigma,14,0.4717948717948718,0.2295640093751598,0.22946884306630946,0.04147243154175584
ising,small,I,sigma,15,0.47692307692307695,0.22512812964632964,0.2250347670149762,0.04148809208099902
ising,small,I,sigma,16,0.48205128205128206,0.2207355257623591,0.2206439502421927,0.041503753021965295
ising,small,I,sigma,17,0.48717948717948717,0.21638619774348555,0.2162963927479587,0.04151941434895612
ising,small,I,sigma,18,0.49230769230769234,0.21208014560997995,0.21199209453227436,0.04153507606019513
ising,small,I,sigma,19,0.49743589743589745,0.20781736938206347,0.2077310555951396,0.04155073812943666
ising,small,I,sigma,20,0.5025641025641026,0.20359786907998761,0.2035132759365544,0.04156640054262528
ising,small,I,sigma,21,0.5076923076923077,0.19942164472400464,0.1993387555565188,0.04158206328439551
ising,small,I,sigma,22,0.5128205128205128,0.1952886963343512,0.19520749445503283,0.041597726329656304
ising,small,I,sigma,23,0.517948717948718,0.19119902393127636,0.19111949263209635,0.04161338965726902
ising,small,I,sigma,24,0.5230769230769231,0.18715262753504128,0.18707475008770952,0.04162905325024724
ising,small,I,sigma,25,0.5282051282051282,0.1831495071658918,0.18307326682187228,0.04164471708132389
ising,small,I,sigma,26,0.5333333333333333,0.17918966284407983,0.17911504283458465,0.04166038112392023
ising,small,I,sigma,27,0.5384615384615384,0.1752730945898676,0.17520007812584662,0.04167604535456615
ising,small,I,sigma,28,0.5435897435897435,0.1713998024234849,0.17132837269565818,0.04169170972843084
ising,small,I,sigma,29,0.5487179487179488,0.1675697863652398,0.16749992654401924,0.041707374243071804
ising,small,I,sigma,30,0.5538461538461539,0.16378304643534852,0.16371473967092998,0.04172303883929196
ising,small,I,sigma,31,0.558974358974359,0.16003958265411575,0.1599728120763903,0.04173870350767661
ising,small,I,sigma,32,0.5641025641025641,0.15633939504177682,0.15627414376040022,0.04175436819326972
ising,small,I,sigma,33,0.5692307692307692,0.15268248361862966,0.1526187347229597,0.04177003287682002
ising,small,I,sigma,34,0.5743589743589743,0.14906884840492082,0.14900658496406882,0.041785697502572106
ising,small,I,sigma,35,0.5794871794871795,0.1454984894209569,0.14543769448372743,0.04180136205078622
ising,small,I,sigma,36,0.5846153846153846,0.14197140668700392,0.14191206328193573,0.04181702647103602
ising,small,I,sigma,37,0.5897435897435898,0.13848760022334045,0.1384296913586936,0.04183269071720286
ising,small,I,sigma,38,0.5948717948717949,0.13504707005025923,0.13499057871400105,0.041848354749163263
ising,small,I,sigma,39,0.6,0.13164981618805568,0.13159472534785813,0.04186401852499522
ising,small,epsilon,I,0,0.4,18.55173922638984,18.702545478528464,-0.8063407855992466
ising,small,epsilon,I,1,0.40512820512820513,18.23595504780224,18.384210092707942,-0.8064259718425837
ising,small,epsilon,I,2,0.41025641025641024,17.92288174641514,18.06860719946957,-0.8065118215570544
ising,small,epsilon,I,3,0.4153846153846154,17.61251932157117,17.755736798813345,-0.8065983341887906
ising,small,epsilon,I,4,0.4205128205128205,17.30486777251224,17.445598890739273,-0.8066855090984482
ising,small,epsilon,I,5,0.4256410256410256,16.99992709834203,17.138193475247355,-0.8067733457731263
ising,small,epsilon,I,6,0.4307692307692308,16.697697298066153,16.833520552337585,-0.8068618436003372
ising,small,epsilon,I,7,0.4358974358974359,16.39817837057117,16.531580122009967,-0.8069510019867221
ising,small,epsilon,I,8,0.441025641025641,16.101370314613842,16.232372184264495,-0.8070408204270074
ising,small,epsilon,I,9,0.4461538461538462,15.807273128856874,15.93589673910118,-0.8071312982890211
ising,small,epsilon,I,10,0.4512820512820513,15.515886811836294,15.64215378652001,-0.8072224350110235
ising,small,epsilon,I,11,0.4564102564102564,15.2272113619559,15.351143326520994,-0.8073142301458835
ising,small,epsilon,I,12,0.46153846153846156,14.941246777555651,15.062865359104121,-0.8074066829188098
ising,small,epsilon,I,13,0.4666666666666667,14.657993056824935,14.777319884269405,-0.8074997927837613
ising,small,epsilon,I,14,0.4717948717948718,14.377450197825656,14.494506902016838,-0.8075935592875783
ising,small,epsilon,I,15,0.47692307692307695,14.099618198537497,14.214426412346414,-0.8076879817619398
ising,small,epsilon,I,16,0.48205128205128206,13.824497056768791,13.937078415258151,-0.8077830599425129
ising,small,epsilon,I,17,0.48717948717948717,13.552086770339173,13.662462910752035,-0.8078787926735997
ising,small,epsilon,I,18,0.49230769230769234,13.282387336799092,13.39057989882807,-0.8079751799132118
ising,small,epsilon,I,19,0.49743589743589745,13.015398753710155,13.121429379486257,-0.8080722207129964
ising,small,epsilon,I,20,0.5025641025641026,12.751121018438536,12.855011352726594,-0.8081699147315269
ising,small,epsilon,I,21,0.5076923076923077,12.489554128263478,12.591325818549079,-0.8082682614381609
ising,small,epsilon,I,22,0.5128205128205128,12.230698080366782,12.330372776953716,-0.8083672601791325
ising,small,epsilon,I,23,0.517948717948718,11.974552871810907,12.0721522279405,-0.8084669103467945
ising,small,epsilon,I,24,0.5230769230769231,11.721118499526016,11.816664171509437,-0.808567211496003
ising,small,epsilon,I,25,0.5282051282051282,11.470394960358002,11.563908607660524,-0.8086681629477233
ising,small,epsilon,I,26,0.5333333333333333,11.222382251024499,11.313885536393764,-0.8087697641532943
ising,small,epsilon,I,27,0.5384615384615384,10.977080368125472,11.066594957709153,-0.8088720146147921
ising,small,epsilon,I,28,0.5435897435897435,10.734489308156023,10.822036871606691,-0.8089749137739743
ising,small,epsilon,I,29,0.5487179487179488,10.494609067502564,10.580211278086376,-0.8090784610427337
ising,small,epsilon,I,30,0.5538461538461539,10.257439642437756,10.341118177148216,-0.809182655850238
ising,small,epsilon,I,31,0.558974358974359,10.022981029115954,10.104757568792207,-0.8092874976913245
ising,small,epsilon,I,32,0.5641025641025641,9.791233223593197,9.871129453018348,-0.8093929859335436
ising,small,epsilon,I,33,0.5692307692307692,9.562196221801182,9.640233829826638,-0.8094991200733093
ising,small,epsilon,I,34,0.5743589743589743,9.335870019570548,9.41207069921708,-0.8096058995059496
ising,small,epsilon,I,35,0.5794871794871795,9.112254612612816,9.186640061189667,-0.8097133237112919
ising,small,epsilon,I,36,0.5846153846153846,8.891349996528179,8.963941915744412,-0.8098213921793884
ising,small,epsilon,I,37,0.5897435897435898,8.673156166819679,8.743976262881302,-0.8099301042508444
ising,small,epsilon,I,38,0.5948717948717949,8.457673118859951,8.526743102600346,-0.8100394594898863
ising,small,epsilon,I,39,0.6,8.244900847931607,8.312242434901542,-0.8101494572292589
ising,small,epsilon,sigma,0,0.4,0.2961557294129693,0.29608813203268075,0.022830155273201314
ising,small,epsilon,sigma,1,0.40512820512820513,0.2911149743773481,0.2910484260816533,0.022865025106200143
ising,small,epsilon,sigma,2,0.41025641025641024,0.286117483757312,0.2860519794091755,0.022899456340708113
ising,small,epsilon,sigma,3,0.4153846153846154,0.281163257668037,0.2810987920152471,0.022933450666129396
ising,small,epsilon,sigma,4,0.4205128205128205,0.2762522962231935,0.2761888638998685,0.022967009758945167
ising,small,epsilon,sigma,5,0.4256410256410256,0.2713845995349988,0.27132219506303945,0.02300013529850098
ising,small,epsilon,sigma,6,0.4307692307692308,0.26656016771418445,0.26649878550475997,0.023032828951996542
ising,small,epsilon,sigma,7,0.4358974358974359,0.2617790008700474,0.2617186352250301,0.02306509239031751
ising,small,epsilon,sigma,8,0.441025641025641,0.25704109911042167,0.2569817442238498,0.023096927274401935
ising,small,epsilon,sigma,9,0.4461538461538462,0.25234646254171955,0.25228811250121913,0.023128335267941225
ising,small,epsilon,sigma,10,0.4512820512820513,0.24769509126889486,0.247637740057138,0.023159318019794206
ising,small,epsilon,sigma,11,0.4564102564102564,0.24308698539549908,0.2430306268916065,0.02318987718272769
ising,small,epsilon,sigma,12,0.46153846153846156,0.23852214502366792,0.23846677300462452,0.023220014405245237
ising,small,epsilon,sigma,13,0.4666666666666667,0.23400057025412185,0.2339461783961922,0.02324973132818986
ising,small,epsilon,sigma,14,0.4717948717948718,0.2295222611861798,0.22946884306630946,0.023279029586986688
ising,small,epsilon,sigma,15,0.47692307692307695,0.2250872179177881,0.2250347670149762,0.023307910820902222
ising,small,epsilon,sigma,16,0.48205128205128206,0.22069544054548637,0.2206439502421927,0.023336376654414792
ising,small,epsilon,sigma,17,0.48717948717948717,0.21634692916446174,0.2162963927479587,0.023364428717931318
ising,small,epsilon,sigma,18,0.49230769230769234,0.21204168386851016,0.21199209453227436,0.023392068626537643
ising,small,epsilon,sigma,19,0.49743589743589745,0.2077797047500939,0.2077310555951396,0.023419298002869127
ising,small,epsilon,sigma,20,0.5025641025641026,0.20356099190030663,0.2035132759365544,0.023446118457193244
ising,small,epsilon,sigma,21,0.5076923076923077,0.19938554540890663,0.1993387555565188,0.02347253159937779
ising,small,epsilon,sigma,22,0.5128205128205128,0.19525336536432342,0.19520749445503283,0.023498539038491195
ising,small,epsilon,sigma,23,0.517948717948718,0.19116445185364145,0.19111949263209635,0.023524142370789924
ising,small,epsilon,sigma,24,0.5230769230769231,0.18711880496263072,0.18707475008770952,0.023549343190643057
ising,small,epsilon,sigma,25,0.5282051282051282,0.1831164247757647,0.18307326682187228,0.02357414309672734
ising,small,epsilon,sigma,26,0.5333333333333333,0.17915731137620286,0.17911504283458465,0.023598543678571282
ising,small,epsilon,sigma,27,0.5384615384615384,0.17524146484579406,0.17520007812584662,0.023622546513779596
ising,small,epsilon,sigma,28,0.5435897435897435,0.17136888526512553,0.17132837269565818,0.023646153191059227
ising,small,epsilon,sigma,29,0.5487179487179488,0.1675395727134834,0.16749992654401924,0.023669365284018085
ising,small,epsilon,sigma,30,0.5538461538461539,0.1637535272688853,0.16371473967092998,0.023692184364887403
ising,small,epsilon,sigma,31,0.558974358974359,0.16001074900808365,0.1599728120763903,0.023714612002456725
ising,small,epsilon,sigma,32,0.5641025641025641,0.15631123800657273,0.15627414376040022,0.02373664976171863
ising,small,epsilon,sigma,33,0.5692307692307692,0.15265499433860366,0.1526187347229597,0.0237582992086649
ising,small,epsilon,sigma,34,0.5743589743589743,0.14904201807716466,0.14900658496406882,0.023779561892767198
ising,small,epsilon,sigma,35,0.5794871794871795,0.1454723092940269,0.14543769448372743,0.02380043937189047
ising,small,epsilon,sigma,36,0.5846153846153846,0.1419458680597246,0.14191206328193573,0.02382093319417411
ising,small,epsilon,sigma,37,0.5897435897435898,0.13846269444357187,0.1384296913586936,0.023841044904715503
ising,small,epsilon,sigma,38,0.5948717948717949,0.13502278851367278,0.13499057871400105,0.02386077604716874
ising,small,epsilon,sigma,39,0.6,0.1316261503369177,0.13159472534785813,0.023880128155995273
ising,small,sigma,I,0,0.4,0.29620756527857917,0.29608813203268075,0.040337059468908976
ising,small,sigma,I,1,0.40512820512820513,0.2911657808822492,0.2910484260816533,0.040321400179288425
ising,small,sigma,I,2,0.41025641025641024,0.28616727477966913,0.2860519794091755,0.040305741191448696
ising,small,sigma,I,3,0.4153846153846154,0.28121204695042706,0.2810987920152471,0.0402900824895136
ising,small,sigma,I,4,0.4205128205128205,0.27630009737410416,0.2761888638998685,0.04027442405352133
ising,small,sigma,I,5,0.4256410256410256,0.271431426030316,0.27132219506303945,0.04025876587470112
ising,small,sigma,I,6,0.4307692307692308,0.266606032898681,0.26649878550475997,0.04024310794434882
ising,small,sigma,I,7,0.4358974358974359,0.26182391795874405,0.2617186352250301,0.040227450224716854
ising,small,sigma,I,8,0.441025641025641,0.25708508119014684,0.2569817442238498,0.040211792712807615
ising,small,sigma,I,9,0.4461538461538462,0.2523895225724472,0.25228811250121913,0.04019613537182831
ising,small,sigma,I,10,0.4512820512820513,0.2477372420852932,0.247637740057138,0.04018047819862591
ising,small,sigma,I,11,0.4564102564102564,0.24312823970822117,0.2430306268916065,0.04016482114339581
ising,small,sigma,I,12,0.46153846153846156,0.23856251542090376,0.23846677300462452,0.04014916420971293
ising,small,sigma,I,13,0.4666666666666667,0.23404006920287057,0.2339461783961922,0.040133507340045504
ising,small,sigma,I,14,0.4717948717948718,0.22956090103376706,0.22946884306630946,0.0401178505227362
ising,small,sigma,I,15,0.47692307692307695,0.22512501089319154,0.2250347670149762,0.04010219372427848
ising,small,sigma,I,16,0.48205128205128206,0.22073239876075035,0.2206439502421927,0.04008653691187636
ising,small,sigma,I,17,0.48717948717948717,0.21638306461606407,0.2162963927479587,0.04007088005686388
ising,small,sigma,I,18,0.49230769230769234,0.21207700843873037,0.21199209453227436,0.04005522311734122
ising,small,sigma,I,19,0.49743589743589745,0.2078142302083633,0.2077310555951396,0.040039566055916076
ising,small,sigma,I,20,0.5025641025641026,0.2035947299045966,0.2035132759365544,0.040023908841990696
ising,small,sigma,I,21,0.5076923076923077,0.19941850750704312,0.1993387555565188,0.04000825143191111
ising,small,sigma,I,22,0.5128205128205128,0.19528556299532276,0.19520749445503283,0.039992593782267605
ising,small,sigma,I,23,0.517948717948718,0.1911958963490864,0.19111949263209635,0.03997693586239581
ising,small,sigma,I,24,0.5230769230769231,0.1871495075479389,0.18707475008770952,0.03996127761460855
ising,small,sigma,I,25,0.5282051282051282,0.18314639657152443,0.18307326682187228,0.039945618998160626
ising,small,sigma,I,26,0.5333333333333333,0.17918656339948807,0.17911504283458465,0.03992995996962012
ising,small,sigma,I,27,0.5384615384615384,0.17527000801147008,0.17520007812584662,0.03991430047949329
ising,small,sigma,I,28,0.5435897435897435,0.1713967303871081,0.17132837269565818,0.039898640472912916
ising,small,sigma,I,29,0.5487179487179488,0.1675667305060663,0.16749992654401924,0.03988297990655809
ising,small,sigma,I,30,0.5538461538461539,0.1637800083479942,0.16371473967092998,0.03986731872487326
ising,small,sigma,I,31,0.558974358974359,0.1600365638925485,0.1599728120763903,0.03985165687263592
ising,small,sigma,I,32,0.5641025641025641,0.15633639711939126,0.15627414376040022,0.03983599429377982
ising,small,sigma,I,33,0.5692307692307692,0.1526795080081968,0.1526187347229597,0.03982033093605786
ising,small,sigma,I,34,0.5743589743589743,0.14906589653861776,0.14900658496406882,0.03980466672881544
ising,small,sigma,I,35,0.5794871794871795,0.1454955626903506,0.14543769448372743,0.03978900162615595
ising,small,sigma,I,36,0.5846153846153846,0.141968506443071,0.14191206328193573,0.03977333556424156
ising,small,sigma,I,37,0.5897435897435898,0.1384847277764423,0.1384296913586936,0.03975766846586737
ising,small,sigma,I,38,0.5948717948717949,0.13504422667017446,0.13499057871400105,0.03974200028216135
ising,small,sigma,I,39,0.6,0.13164700310394503,0.13159472534785813,0.03972633093667355
ising,small,sigma,epsilon,0,0.4,0.29614851998786923,0.29608813203268075,0.02039526365811284
ising,small,sigma,epsilon,1,0.40512820512820513,0.29110764931398053,0.2910484260816533,0.02034824002470348
ising,small,sigma,epsilon,2,0.41025641025641024,0.2861100501288478,0.2860519794091755,0.020300757852576012
ising,small,sigma,epsilon,3,0.4153846153846154,0.28115572243481884,0.2810987920152471,0.020252815447396877
ising,small,sigma,epsilon,4,0.4205128205128205,0.2762446662333596,0.2761888638998685,0.020204411105906317
ising,small,sigma,epsilon,5,0.4256410256410256,0.27137688152506045,0.27132219506303945,0.02015554312033707
ising,small,sigma,epsilon,6,0.4307692307692308,0.2665523683096373,0.26649878550475997,0.020106209780967887
ising,small,sigma,epsilon,7,0.4358974358974359,0.2617711265859111,0.2617186352250301,0.020056409371038697
ising,small,sigma,epsilon,8,0.441025641025641,0.25703315635182683,0.2569817442238498,0.020006140176342946
ising,small,sigma,epsilon,9,0.4461538461538462,0.25233845760440216,0.25228811250121913,0.019955400468107953
ising,small,sigma,epsilon,10,0.4512820512820513,0.24768703033976633,0.247637740057138,0.019904188520269983
ising,small,sigma,epsilon,11,0.4564102564102564,0.24307887455312716,0.2430306268916065,0.01985250259926019
ising,small,sigma,epsilon,12,0.46153846153846156,0.23851399023877753,0.23846677300462452,0.019800340969133856
ising,small,sigma,epsilon,13,0.4666666666666667,0.23399237739008966,0.2339461783961922,0.01974770189201447
ising,small,sigma,epsilon,14,0.4717948717948718,0.2295140359994784,0.22946884306630946,0.019694583615370576
ising,small,sigma,epsilon,15,0.47692307692307695,0.2250789660584472,0.2250347670149762,0.01964098439422024
ising,small,sigma,epsilon,16,0.48205128205128206,0.22068716755754478,0.2206439502421927,0.019586902475521306
ising,small,sigma,epsilon,17,0.48717948717948717,0.21633864048634996,0.2162963927479587,0.01953233609424121
ising,small,sigma,epsilon,18,0.49230769230769234,0.21203338483349932,0.21199209453227436,0.019477283488367192
ising,small,sigma,epsilon,19,0.49743589743589745,0.2077714005866729,0.2077310555951396,0.019421742896219563
ising,small,sigma,epsilon,20,0.5025641025641026,0.20355268773255344,0.2035132759365544,0.019365712540198032
ising,small,sigma,epsilon,21,0.5076923076923077,0.1993772462568534,0.1993387555565188,0.01930919064239145
ising,small,sigma,epsilon,22,0.5128205128205128,0.19524507614431047,0.19520749445503283,0.019252175426243134
ising,small,sigma,epsilon,23,0.517948717948718,0.19115617737864482,0.19111949263209635,0.01919466509838763
ising,small,sigma,epsilon,24,0.5230769230769231,0.18711054994260276,0.18707475008770952,0.01913665787416363
ising,small,sigma,epsilon,25,0.5282051282051282,0.18310819381790697,0.18307326682187228,0.019078151955786993
ising,small,sigma,epsilon,26,0.5333333333333333,0.1791491089852779,0.17911504283458465,0.019019145546983474
ising,small,sigma,epsilon,27,0.5384615384615384,0.1752332954244013,0.17520007812584662,0.01895963683922197
ising,small,sigma,epsilon,28,0.5435897435897435,0.17136075311394502,0.17132837269565818,0.0188996240245487
ising,small,sigma,epsilon,29,0.5487179487179488,0.1675314820315444,0.16749992654401924,0.018839105291701408
ising,small,sigma,epsilon,30,0.5538461538461539,0.16374548215378554,0.16371473967092998,0.018778078820114175
ising,small,sigma,epsilon,31,0.558974358974359,0.1600027534562082,0.1599728120763903,0.01871654278577939
ising,small,sigma,epsilon,32,0.5641025641025641,0.1563032959133049,0.15627414376040022,0.018654495365133528
ising,small,sigma,epsilon,33,0.5692307692307692,0.15264710949849145,0.1526187347229597,0.01859193472102394
ising,small,sigma,epsilon,34,0.5743589743589743,0.14903419418412875,0.14900658496406882,0.01852885902096091
ising,small,sigma,epsilon,35,0.5794871794871795,0.14546454994148672,0.14543769448372743,0.01846526641846591
ising,small,sigma,epsilon,36,0.5846153846153846,0.1419381767407651,0.14191206328193573,0.018401155071279263
ising,small,sigma,epsilon,37,0.5897435897435898,0.13845507455106273,0.1384296913586936,0.01833652312592804
ising,small,sigma,epsilon,38,0.5948717948717949,0.13501524334038717,0.13499057871400105,0.0182713687288949
ising,small,sigma,epsilon,39,0.6,0.13161868307563196,0.13159472534785813,0.0182056900156935
